date,nama_kabupaten_kota,produksi_padi
2018-01-01,KABUPATEN BOGOR,25475
2018-01-01,KOTA BANJAR,0
2018-01-01,KABUPATEN BEKASI,90703
2018-01-01,KABUPATEN BANDUNG,4667
2018-01-01,KABUPATEN KARAWANG,37984
2018-01-01,KOTA CIREBON,373
2018-01-01,KABUPATEN GARUT,12313
2018-01-01,KABUPATEN PURWAKARTA,4697
2018-01-01,KOTA TASIKMALAYA,1857
2018-01-01,KOTA BANDUNG,66
2018-01-01,KABUPATEN TASIKMALAYA,19990
2018-01-01,KOTA BEKASI,33
2018-01-01,KABUPATEN INDRAMAYU,9459
2018-01-01,KABUPATEN CIAMIS,7780
2018-01-01,KABUPATEN SUMEDANG,9884
2018-01-01,KOTA CIMAHI,0
2018-01-01,KABUPATEN KUNINGAN,4134
2018-01-01,KABUPATEN MAJALENGKA,5500
2018-01-01,KOTA DEPOK,2
2018-01-01,KABUPATEN SUBANG,17477
2018-01-01,KABUPATEN CIANJUR,14607
2018-01-01,KABUPATEN CIREBON,13095
2018-01-01,KOTA BOGOR,67
2018-01-01,KABUPATEN PANGANDARAN,500
2018-01-01,KABUPATEN SUKABUMI,15877
2018-01-01,KOTA SUKABUMI,888
2018-01-01,KABUPATEN BANDUNG BARAT,2302
2018-02-01,KABUPATEN KARAWANG,45670
2018-02-01,KABUPATEN PANGANDARAN,23533
2018-02-01,KOTA SUKABUMI,685
2018-02-01,KOTA CIREBON,0
2018-02-01,KABUPATEN SUMEDANG,18072
2018-02-01,KABUPATEN CIREBON,24628
2018-02-01,KABUPATEN SUKABUMI,95781
2018-02-01,KABUPATEN GARUT,51580
2018-02-01,KABUPATEN PURWAKARTA,9099
2018-02-01,KOTA TASIKMALAYA,6493
2018-02-01,KOTA BOGOR,10
2018-02-01,KOTA CIMAHI,71
2018-02-01,KABUPATEN SUBANG,57643
2018-02-01,KABUPATEN BANDUNG,20625
2018-02-01,KABUPATEN MAJALENGKA,33994
2018-02-01,KABUPATEN KUNINGAN,20994
2018-02-01,KABUPATEN BEKASI,19755
2018-02-01,KOTA BEKASI,82
2018-02-01,KABUPATEN TASIKMALAYA,79011
2018-02-01,KABUPATEN BOGOR,25290
2018-02-01,KOTA DEPOK,103
2018-02-01,KOTA BANDUNG,627
2018-02-01,KABUPATEN INDRAMAYU,59026
2018-02-01,KABUPATEN CIANJUR,91276
2018-02-01,KABUPATEN BANDUNG BARAT,21591
2018-02-01,KOTA BANJAR,2717
2018-02-01,KABUPATEN CIAMIS,19647
2018-03-01,KOTA BEKASI,151
2018-03-01,KOTA BANJAR,9471
2018-03-01,KABUPATEN MAJALENGKA,168178
2018-03-01,KABUPATEN SUMEDANG,60229
2018-03-01,KOTA CIMAHI,117
2018-03-01,KOTA BOGOR,21
2018-03-01,KABUPATEN KUNINGAN,59293
2018-03-01,KABUPATEN BOGOR,44928
2018-03-01,KOTA DEPOK,71
2018-03-01,KABUPATEN CIREBON,78763
2018-03-01,KABUPATEN CIAMIS,78566
2018-03-01,KABUPATEN INDRAMAYU,221473
2018-03-01,KABUPATEN SUBANG,138441
2018-03-01,KOTA SUKABUMI,1745
2018-03-01,KABUPATEN CIANJUR,120075
2018-03-01,KABUPATEN BANDUNG BARAT,33266
2018-03-01,KOTA BANDUNG,542
2018-03-01,KABUPATEN BEKASI,57781
2018-03-01,KABUPATEN BANDUNG,26289
2018-03-01,KABUPATEN KARAWANG,81053
2018-03-01,KABUPATEN SUKABUMI,94558
2018-03-01,KABUPATEN PURWAKARTA,33338
2018-03-01,KOTA TASIKMALAYA,5623
2018-03-01,KABUPATEN TASIKMALAYA,45600
2018-03-01,KOTA CIREBON,126
2018-03-01,KABUPATEN PANGANDARAN,55965
2018-03-01,KABUPATEN GARUT,58121
2018-04-01,KABUPATEN SUMEDANG,40767
2018-04-01,KABUPATEN CIREBON,113219
2018-04-01,KOTA DEPOK,0
2018-04-01,KABUPATEN PANGANDARAN,8976
2018-04-01,KABUPATEN BEKASI,30253
2018-04-01,KOTA BEKASI,289
2018-04-01,KABUPATEN BANDUNG BARAT,10666
2018-04-01,KOTA BOGOR,21
2018-04-01,KOTA BANDUNG,1745
2018-04-01,KABUPATEN SUBANG,142378
2018-04-01,KABUPATEN INDRAMAYU,330083
2018-04-01,KOTA CIREBON,243
2018-04-01,KABUPATEN PURWAKARTA,24843
2018-04-01,KOTA SUKABUMI,827
2018-04-01,KABUPATEN KARAWANG,82093
2018-04-01,KABUPATEN MAJALENGKA,42130
2018-04-01,KABUPATEN CIAMIS,28560
2018-04-01,KABUPATEN CIANJUR,56371
2018-04-01,KOTA BANJAR,1320
2018-04-01,KOTA CIMAHI,0
2018-04-01,KABUPATEN BANDUNG,74341
2018-04-01,KABUPATEN KUNINGAN,39722
2018-04-01,KABUPATEN SUKABUMI,33311
2018-04-01,KABUPATEN TASIKMALAYA,42125
2018-04-01,KABUPATEN BOGOR,39470
2018-04-01,KOTA TASIKMALAYA,4086
2018-04-01,KABUPATEN GARUT,47245
2018-05-01,KOTA TASIKMALAYA,2943
2018-05-01,KABUPATEN SUBANG,106443
2018-05-01,KABUPATEN GARUT,36530
2018-05-01,KABUPATEN BEKASI,45327
2018-05-01,KOTA BANDUNG,746
2018-05-01,KOTA BEKASI,330
2018-05-01,KABUPATEN KARAWANG,182670
2018-05-01,KABUPATEN BANDUNG,25796
2018-05-01,KABUPATEN SUMEDANG,20468
2018-05-01,KABUPATEN INDRAMAYU,114508
2018-05-01,KABUPATEN TASIKMALAYA,39532
2018-05-01,KOTA DEPOK,0
2018-05-01,KOTA CIMAHI,0
2018-05-01,KOTA CIREBON,0
2018-05-01,KABUPATEN PURWAKARTA,7665
2018-05-01,KABUPATEN KUNINGAN,18270
2018-05-01,KABUPATEN CIAMIS,20985
2018-05-01,KABUPATEN SUKABUMI,36897
2018-05-01,KABUPATEN MAJALENGKA,26669
2018-05-01,KABUPATEN BOGOR,36418
2018-05-01,KABUPATEN PANGANDARAN,3811
2018-05-01,KOTA SUKABUMI,1370
2018-05-01,KABUPATEN CIREBON,57751
2018-05-01,KABUPATEN BANDUNG BARAT,5710
2018-05-01,KOTA BANJAR,448
2018-05-01,KABUPATEN CIANJUR,44744
2018-05-01,KOTA BOGOR,113
2018-06-01,KABUPATEN GARUT,47396
2018-06-01,KABUPATEN BOGOR,24022
2018-06-01,KOTA BOGOR,102
2018-06-01,KABUPATEN PANGANDARAN,588
2018-06-01,KOTA BANJAR,325
2018-06-01,KABUPATEN CIANJUR,79610
2018-06-01,KOTA TASIKMALAYA,2911
2018-06-01,KABUPATEN BANDUNG,7552
2018-06-01,KABUPATEN SUKABUMI,84189
2018-06-01,KABUPATEN KARAWANG,135087
2018-06-01,KOTA BANDUNG,143
2018-06-01,KOTA SUKABUMI,1189
2018-06-01,KABUPATEN BANDUNG BARAT,21621
2018-06-01,KABUPATEN BEKASI,99784
2018-06-01,KABUPATEN PURWAKARTA,15048
2018-06-01,KOTA CIREBON,410
2018-06-01,KOTA DEPOK,0
2018-06-01,KABUPATEN SUMEDANG,20950
2018-06-01,KABUPATEN SUBANG,57024
2018-06-01,KOTA CIMAHI,0
2018-06-01,KABUPATEN TASIKMALAYA,56236
2018-06-01,KABUPATEN CIREBON,16995
2018-06-01,KOTA BEKASI,33
2018-06-01,KABUPATEN INDRAMAYU,90327
2018-06-01,KABUPATEN CIAMIS,6688
2018-06-01,KABUPATEN MAJALENGKA,42530
2018-06-01,KABUPATEN KUNINGAN,26567
2018-07-01,KOTA BANJAR,4789
2018-07-01,KOTA TASIKMALAYA,8301
2018-07-01,KOTA BOGOR,10
2018-07-01,KABUPATEN SUBANG,62941
2018-07-01,KABUPATEN SUMEDANG,53166
2018-07-01,KOTA BANDUNG,197
2018-07-01,KABUPATEN BEKASI,31396
2018-07-01,KABUPATEN CIAMIS,38643
2018-07-01,KABUPATEN MAJALENGKA,122552
2018-07-01,KOTA BEKASI,396
2018-07-01,KOTA SUKABUMI,1655
2018-07-01,KABUPATEN CIANJUR,97842
2018-07-01,KABUPATEN KUNINGAN,59914
2018-07-01,KABUPATEN KARAWANG,69861
2018-07-01,KOTA CIMAHI,95
2018-07-01,KABUPATEN GARUT,55542
2018-07-01,KOTA DEPOK,81
2018-07-01,KOTA CIREBON,215
2018-07-01,KABUPATEN CIREBON,49779
2018-07-01,KABUPATEN BOGOR,41728
2018-07-01,KABUPATEN SUKABUMI,58521
2018-07-01,KABUPATEN INDRAMAYU,99713
2018-07-01,KABUPATEN PURWAKARTA,24757
2018-07-01,KABUPATEN PANGANDARAN,26639
2018-07-01,KABUPATEN BANDUNG,23631
2018-07-01,KABUPATEN TASIKMALAYA,61165
2018-07-01,KABUPATEN BANDUNG BARAT,30473
2018-08-01,KABUPATEN BOGOR,30630
2018-08-01,KABUPATEN PANGANDARAN,56761
2018-08-01,KABUPATEN CIAMIS,49668
2018-08-01,KABUPATEN CIREBON,56345
2018-08-01,KOTA DEPOK,16
2018-08-01,KABUPATEN KUNINGAN,31322
2018-08-01,KABUPATEN BANDUNG BARAT,12866
2018-08-01,KOTA BANJAR,4801
2018-08-01,KABUPATEN BEKASI,26471
2018-08-01,KOTA BANDUNG,260
2018-08-01,KABUPATEN GARUT,35084
2018-08-01,KOTA CIMAHI,24
2018-08-01,KOTA CIREBON,10
2018-08-01,KABUPATEN INDRAMAYU,154208
2018-08-01,KABUPATEN PURWAKARTA,31364
2018-08-01,KABUPATEN BANDUNG,35034
2018-08-01,KABUPATEN MAJALENGKA,46340
2018-08-01,KABUPATEN TASIKMALAYA,45567
2018-08-01,KABUPATEN KARAWANG,52291
2018-08-01,KOTA BOGOR,0
2018-08-01,KOTA TASIKMALAYA,4962
2018-08-01,KABUPATEN CIANJUR,63653
2018-08-01,KABUPATEN SUBANG,86332
2018-08-01,KOTA SUKABUMI,1371
2018-08-01,KOTA BEKASI,147
2018-08-01,KABUPATEN SUKABUMI,26826
2018-08-01,KABUPATEN SUMEDANG,34474
2018-09-01,KOTA DEPOK,0
2018-09-01,KOTA BANDUNG,572
2018-09-01,KOTA TASIKMALAYA,3954
2018-09-01,KOTA BANJAR,6221
2018-09-01,KOTA BOGOR,0
2018-09-01,KOTA CIREBON,121
2018-09-01,KOTA CIMAHI,48
2018-09-01,KOTA BEKASI,93
2018-09-01,KOTA SUKABUMI,1941
2018-09-01,KABUPATEN BEKASI,27920
2018-09-01,KABUPATEN CIAMIS,38563
2018-09-01,KABUPATEN CIREBON,57903
2018-09-01,KABUPATEN INDRAMAYU,214137
2018-09-01,KABUPATEN TASIKMALAYA,35375
2018-09-01,KABUPATEN GARUT,30280
2018-09-01,KABUPATEN MAJALENGKA,36821
2018-09-01,KABUPATEN KARAWANG,86049
2018-09-01,KABUPATEN PURWAKARTA,9610
2018-09-01,KABUPATEN BANDUNG,40445
2018-09-01,KABUPATEN CIANJUR,45342
2018-09-01,KABUPATEN SUMEDANG,17994
2018-09-01,KABUPATEN PANGANDARAN,15122
2018-09-01,KABUPATEN SUKABUMI,28080
2018-09-01,KABUPATEN BOGOR,23307
2018-09-01,KABUPATEN SUBANG,81520
2018-09-01,KABUPATEN BANDUNG BARAT,10995
2018-09-01,KABUPATEN KUNINGAN,21762
2018-10-01,KABUPATEN MAJALENGKA,7846
2018-10-01,KOTA BEKASI,453
2018-10-01,KABUPATEN CIREBON,56791
2018-10-01,KABUPATEN SUMEDANG,15790
2018-10-01,KABUPATEN KUNINGAN,8687
2018-10-01,KOTA BOGOR,8
2018-10-01,KABUPATEN TASIKMALAYA,32497
2018-10-01,KOTA CIMAHI,0
2018-10-01,KABUPATEN GARUT,27472
2018-10-01,KABUPATEN BANDUNG,36047
2018-10-01,KABUPATEN CIANJUR,34955
2018-10-01,KOTA TASIKMALAYA,2100
2018-10-01,KABUPATEN SUKABUMI,22198
2018-10-01,KABUPATEN BOGOR,19488
2018-10-01,KOTA BANJAR,736
2018-10-01,KABUPATEN CIAMIS,15968
2018-10-01,KOTA CIREBON,1
2018-10-01,KOTA DEPOK,50
2018-10-01,KABUPATEN BEKASI,43478
2018-10-01,KABUPATEN PANGANDARAN,2210
2018-10-01,KABUPATEN SUBANG,116840
2018-10-01,KOTA BANDUNG,1894
2018-10-01,KABUPATEN BANDUNG BARAT,5944
2018-10-01,KABUPATEN PURWAKARTA,4682
2018-10-01,KABUPATEN KARAWANG,86824
2018-10-01,KOTA SUKABUMI,1308
2018-10-01,KABUPATEN INDRAMAYU,48321
2018-11-01,KABUPATEN INDRAMAYU,64107
2018-11-01,KABUPATEN KARAWANG,163129
2018-11-01,KABUPATEN TASIKMALAYA,30406
2018-11-01,KABUPATEN GARUT,27950
2018-11-01,KABUPATEN BEKASI,40999
2018-11-01,KOTA CIMAHI,40
2018-11-01,KABUPATEN CIANJUR,29328
2018-11-01,KOTA TASIKMALAYA,2610
2018-11-01,KABUPATEN BANDUNG BARAT,9694
2018-11-01,KABUPATEN SUKABUMI,18415
2018-11-01,KABUPATEN BOGOR,23462
2018-11-01,KABUPATEN PANGANDARAN,0
2018-11-01,KOTA BOGOR,25
2018-11-01,KOTA BANJAR,665
2018-11-01,KOTA SUKABUMI,1085
2018-11-01,KABUPATEN CIAMIS,7277
2018-11-01,KABUPATEN BANDUNG,11232
2018-11-01,KABUPATEN SUMEDANG,21350
2018-11-01,KOTA BEKASI,325
2018-11-01,KABUPATEN SUBANG,74273
2018-11-01,KOTA DEPOK,33
2018-11-01,KABUPATEN CIREBON,20296
2018-11-01,KABUPATEN MAJALENGKA,13572
2018-11-01,KABUPATEN KUNINGAN,16132
2018-11-01,KOTA BANDUNG,1256
2018-11-01,KABUPATEN PURWAKARTA,5973
2018-11-01,KOTA CIREBON,209
2018-12-01,KABUPATEN SUMEDANG,17364
2018-12-01,KABUPATEN BOGOR,14464
2018-12-01,KOTA BOGOR,42
2018-12-01,KOTA CIREBON,60
2018-12-01,KABUPATEN BANDUNG BARAT,5808
2018-12-01,KABUPATEN SUKABUMI,11206
2018-12-01,KABUPATEN MAJALENGKA,8100
2018-12-01,KOTA BANJAR,116
2018-12-01,KOTA TASIKMALAYA,1104
2018-12-01,KABUPATEN INDRAMAYU,9370
2018-12-01,KABUPATEN SUBANG,49682
2018-12-01,KOTA DEPOK,0
2018-12-01,KOTA BANDUNG,198
2018-12-01,KABUPATEN BEKASI,31118
2018-12-01,KABUPATEN CIAMIS,3867
2018-12-01,KABUPATEN PURWAKARTA,6200
2018-12-01,KABUPATEN TASIKMALAYA,22541
2018-12-01,KABUPATEN KARAWANG,110961
2018-12-01,KABUPATEN GARUT,20072
2018-12-01,KABUPATEN KUNINGAN,7647
2018-12-01,KABUPATEN PANGANDARAN,293
2018-12-01,KOTA SUKABUMI,373
2018-12-01,KABUPATEN CIREBON,7001
2018-12-01,KABUPATEN BANDUNG,9209
2018-12-01,KOTA BEKASI,128
2018-12-01,KABUPATEN CIANJUR,18925
2018-12-01,KOTA CIMAHI,0
2019-01-01,KABUPATEN BANDUNG,15445
2019-01-01,KOTA DEPOK,58
2019-01-01,KABUPATEN GARUT,16676
2019-01-01,KOTA BEKASI,0
2019-01-01,KABUPATEN TASIKMALAYA,24329
2019-01-01,KOTA CIREBON,14
2019-01-01,KOTA BANDUNG,53
2019-01-01,KABUPATEN CIAMIS,6740
2019-01-01,KOTA SUKABUMI,859
2019-01-01,KABUPATEN KUNINGAN,8789
2019-01-01,KABUPATEN PANGANDARAN,876
2019-01-01,KABUPATEN CIREBON,6870
2019-01-01,KABUPATEN MAJALENGKA,5071
2019-01-01,KABUPATEN BANDUNG BARAT,8740
2019-01-01,KABUPATEN SUMEDANG,7968
2019-01-01,KABUPATEN INDRAMAYU,6605
2019-01-01,KABUPATEN KARAWANG,31774
2019-01-01,KABUPATEN PURWAKARTA,2535
2019-01-01,KOTA CIMAHI,66
2019-01-01,KABUPATEN SUBANG,12208
2019-01-01,KOTA BOGOR,0
2019-01-01,KABUPATEN BEKASI,26176
2019-01-01,KABUPATEN CIANJUR,39507
2019-01-01,KOTA TASIKMALAYA,1183
2019-01-01,KOTA BANJAR,0
2019-01-01,KABUPATEN SUKABUMI,13370
2019-01-01,KABUPATEN BOGOR,11762
2019-02-01,KABUPATEN KUNINGAN,8133
2019-02-01,KOTA BOGOR,0
2019-02-01,KABUPATEN BEKASI,14298
2019-02-01,KABUPATEN GARUT,25263
2019-02-01,KOTA SUKABUMI,1507
2019-02-01,KOTA BEKASI,5
2019-02-01,KABUPATEN KARAWANG,9179
2019-02-01,KABUPATEN CIAMIS,5361
2019-02-01,KOTA CIREBON,0
2019-02-01,KABUPATEN SUKABUMI,43833
2019-02-01,KABUPATEN TASIKMALAYA,38051
2019-02-01,KOTA BANDUNG,627
2019-02-01,KABUPATEN BANDUNG BARAT,11151
2019-02-01,KABUPATEN BOGOR,16734
2019-02-01,KOTA DEPOK,16
2019-02-01,KABUPATEN PURWAKARTA,1696
2019-02-01,KABUPATEN SUBANG,28105
2019-02-01,KABUPATEN CIANJUR,48315
2019-02-01,KABUPATEN MAJALENGKA,7906
2019-02-01,KABUPATEN PANGANDARAN,2247
2019-02-01,KOTA CIMAHI,33
2019-02-01,KOTA TASIKMALAYA,646
2019-02-01,KOTA BANJAR,553
2019-02-01,KABUPATEN INDRAMAYU,10688
2019-02-01,KABUPATEN BANDUNG,26625
2019-02-01,KABUPATEN SUMEDANG,18852
2019-02-01,KABUPATEN CIREBON,4524
2019-03-01,KOTA SUKABUMI,2155
2019-03-01,KABUPATEN KARAWANG,52010
2019-03-01,KABUPATEN CIREBON,39827
2019-03-01,KOTA BANJAR,2023
2019-03-01,KABUPATEN CIAMIS,34512
2019-03-01,KABUPATEN PANGANDARAN,58310
2019-03-01,KABUPATEN KUNINGAN,31962
2019-03-01,KABUPATEN BEKASI,53293
2019-03-01,KOTA BOGOR,50
2019-03-01,KABUPATEN MAJALENGKA,184938
2019-03-01,KOTA BANDUNG,596
2019-03-01,KABUPATEN BOGOR,53452
2019-03-01,KABUPATEN SUMEDANG,54394
2019-03-01,KABUPATEN BANDUNG BARAT,36259
2019-03-01,KABUPATEN INDRAMAYU,228210
2019-03-01,KOTA DEPOK,75
2019-03-01,KABUPATEN BANDUNG,25176
2019-03-01,KOTA TASIKMALAYA,4300
2019-03-01,KOTA BEKASI,132
2019-03-01,KABUPATEN GARUT,80092
2019-03-01,KABUPATEN SUKABUMI,117916
2019-03-01,KABUPATEN SUBANG,84728
2019-03-01,KOTA CIMAHI,17
2019-03-01,KOTA CIREBON,69
2019-03-01,KABUPATEN CIANJUR,150872
2019-03-01,KABUPATEN TASIKMALAYA,80487
2019-03-01,KABUPATEN PURWAKARTA,23294
2019-04-01,KOTA BANJAR,11014
2019-04-01,KOTA CIMAHI,33
2019-04-01,KABUPATEN BANDUNG BARAT,22827
2019-04-01,KABUPATEN PANGANDARAN,31276
2019-04-01,KABUPATEN CIANJUR,67686
2019-04-01,KABUPATEN CIREBON,109868
2019-04-01,KABUPATEN SUBANG,170059
2019-04-01,KOTA DEPOK,14
2019-04-01,KABUPATEN BANDUNG,71889
2019-04-01,KABUPATEN MAJALENGKA,63914
2019-04-01,KABUPATEN BEKASI,72627
2019-04-01,KOTA BOGOR,32
2019-04-01,KABUPATEN SUMEDANG,46455
2019-04-01,KABUPATEN TASIKMALAYA,42603
2019-04-01,KABUPATEN SUKABUMI,76662
2019-04-01,KOTA CIREBON,370
2019-04-01,KABUPATEN INDRAMAYU,405780
2019-04-01,KABUPATEN CIAMIS,85794
2019-04-01,KOTA TASIKMALAYA,9227
2019-04-01,KOTA SUKABUMI,1428
2019-04-01,KABUPATEN KARAWANG,141195
2019-04-01,KABUPATEN BOGOR,54855
2019-04-01,KABUPATEN PURWAKARTA,44260
2019-04-01,KOTA BEKASI,464
2019-04-01,KABUPATEN KUNINGAN,57741
2019-04-01,KABUPATEN GARUT,66657
2019-04-01,KOTA BANDUNG,1900
2019-05-01,KABUPATEN BOGOR,18766
2019-05-01,KABUPATEN KARAWANG,172345
2019-05-01,KABUPATEN PURWAKARTA,8113
2019-05-01,KABUPATEN INDRAMAYU,94130
2019-05-01,KABUPATEN BEKASI,37911
2019-05-01,KABUPATEN SUMEDANG,15510
2019-05-01,KOTA CIMAHI,15
2019-05-01,KABUPATEN CIAMIS,23653
2019-05-01,KABUPATEN CIANJUR,26580
2019-05-01,KOTA DEPOK,16
2019-05-01,KABUPATEN BANDUNG,22536
2019-05-01,KOTA BEKASI,863
2019-05-01,KOTA TASIKMALAYA,4098
2019-05-01,KABUPATEN GARUT,33336
2019-05-01,KABUPATEN SUKABUMI,12683
2019-05-01,KOTA CIREBON,66
2019-05-01,KABUPATEN TASIKMALAYA,26567
2019-05-01,KOTA BANDUNG,1046
2019-05-01,KABUPATEN MAJALENGKA,30523
2019-05-01,KOTA SUKABUMI,903
2019-05-01,KABUPATEN SUBANG,142933
2019-05-01,KOTA BANJAR,1621
2019-05-01,KABUPATEN BANDUNG BARAT,7445
2019-05-01,KABUPATEN KUNINGAN,17651
2019-05-01,KOTA BOGOR,32
2019-05-01,KABUPATEN CIREBON,85528
2019-05-01,KABUPATEN PANGANDARAN,1340
2019-06-01,KABUPATEN KARAWANG,139010
2019-06-01,KABUPATEN BEKASI,110659
2019-06-01,KOTA DEPOK,67
2019-06-01,KOTA BEKASI,38
2019-06-01,KABUPATEN BANDUNG BARAT,11640
2019-06-01,KABUPATEN PURWAKARTA,5627
2019-06-01,KABUPATEN PANGANDARAN,0
2019-06-01,KOTA CIREBON,29
2019-06-01,KOTA BANDUNG,108
2019-06-01,KOTA CIMAHI,61
2019-06-01,KOTA BOGOR,6
2019-06-01,KOTA SUKABUMI,985
2019-06-01,KOTA TASIKMALAYA,800
2019-06-01,KOTA BANJAR,0
2019-06-01,KABUPATEN SUBANG,53159
2019-06-01,KABUPATEN TASIKMALAYA,26307
2019-06-01,KABUPATEN MAJALENGKA,26732
2019-06-01,KABUPATEN CIANJUR,52966
2019-06-01,KABUPATEN CIREBON,17660
2019-06-01,KABUPATEN INDRAMAYU,48673
2019-06-01,KABUPATEN BANDUNG,17291
2019-06-01,KABUPATEN SUKABUMI,48840
2019-06-01,KABUPATEN KUNINGAN,10920
2019-06-01,KABUPATEN SUMEDANG,17893
2019-06-01,KABUPATEN BOGOR,17662
2019-06-01,KABUPATEN GARUT,34258
2019-06-01,KABUPATEN CIAMIS,5578
2019-07-01,KABUPATEN CIAMIS,8974
2019-07-01,KABUPATEN BEKASI,35339
2019-07-01,KABUPATEN MAJALENGKA,134865
2019-07-01,KOTA BANDUNG,49
2019-07-01,KOTA CIMAHI,46
2019-07-01,KABUPATEN TASIKMALAYA,63170
2019-07-01,KABUPATEN CIANJUR,85209
2019-07-01,KABUPATEN BANDUNG BARAT,17234
2019-07-01,KOTA CIREBON,54
2019-07-01,KABUPATEN GARUT,50421
2019-07-01,KABUPATEN PANGANDARAN,11747
2019-07-01,KOTA DEPOK,3
2019-07-01,KOTA SUKABUMI,1836
2019-07-01,KABUPATEN KUNINGAN,30551
2019-07-01,KOTA BOGOR,37
2019-07-01,KOTA BEKASI,5
2019-07-01,KABUPATEN CIREBON,46582
2019-07-01,KABUPATEN BANDUNG,18536
2019-07-01,KABUPATEN SUBANG,48391
2019-07-01,KABUPATEN SUKABUMI,49314
2019-07-01,KABUPATEN SUMEDANG,45032
2019-07-01,KOTA TASIKMALAYA,1441
2019-07-01,KABUPATEN PURWAKARTA,17055
2019-07-01,KABUPATEN INDRAMAYU,99068
2019-07-01,KOTA BANJAR,800
2019-07-01,KABUPATEN BOGOR,34212
2019-07-01,KABUPATEN KARAWANG,50978
2019-08-01,KABUPATEN BOGOR,35532
2019-08-01,KABUPATEN KUNINGAN,33307
2019-08-01,KABUPATEN PURWAKARTA,27299
2019-08-01,KABUPATEN BANDUNG,24118
2019-08-01,KOTA BOGOR,53
2019-08-01,KABUPATEN INDRAMAYU,134687
2019-08-01,KABUPATEN PANGANDARAN,50233
2019-08-01,KABUPATEN CIAMIS,36718
2019-08-01,KOTA SUKABUMI,1907
2019-08-01,KOTA BANJAR,4174
2019-08-01,KOTA CIREBON,376
2019-08-01,KABUPATEN TASIKMALAYA,44175
2019-08-01,KABUPATEN SUBANG,99188
2019-08-01,KOTA BANDUNG,199
2019-08-01,KABUPATEN GARUT,39377
2019-08-01,KOTA BEKASI,42
2019-08-01,KOTA DEPOK,47
2019-08-01,KABUPATEN CIANJUR,71476
2019-08-01,KABUPATEN KARAWANG,20402
2019-08-01,KABUPATEN BEKASI,22210
2019-08-01,KABUPATEN CIREBON,49224
2019-08-01,KABUPATEN SUMEDANG,33565
2019-08-01,KOTA TASIKMALAYA,5420
2019-08-01,KABUPATEN SUKABUMI,51797
2019-08-01,KABUPATEN BANDUNG BARAT,13800
2019-08-01,KABUPATEN MAJALENGKA,71962
2019-08-01,KOTA CIMAHI,46
2019-09-01,KOTA TASIKMALAYA,5087
2019-09-01,KABUPATEN CIAMIS,33002
2019-09-01,KABUPATEN PURWAKARTA,8993
2019-09-01,KABUPATEN BANDUNG,45940
2019-09-01,KOTA SUKABUMI,417
2019-09-01,KABUPATEN BEKASI,20227
2019-09-01,KOTA BANJAR,3709
2019-09-01,KABUPATEN SUBANG,87798
2019-09-01,KOTA CIREBON,67
2019-09-01,KABUPATEN INDRAMAYU,239147
2019-09-01,KOTA CIMAHI,18
2019-09-01,KOTA BEKASI,1059
2019-09-01,KABUPATEN MAJALENGKA,15550
2019-09-01,KOTA BOGOR,49
2019-09-01,KABUPATEN SUMEDANG,16563
2019-09-01,KABUPATEN BANDUNG BARAT,9004
2019-09-01,KABUPATEN SUKABUMI,19479
2019-09-01,KABUPATEN KUNINGAN,9019
2019-09-01,KABUPATEN CIANJUR,22854
2019-09-01,KOTA BANDUNG,956
2019-09-01,KABUPATEN BOGOR,10588
2019-09-01,KABUPATEN PANGANDARAN,18567
2019-09-01,KABUPATEN CIREBON,51085
2019-09-01,KABUPATEN GARUT,42730
2019-09-01,KOTA DEPOK,18
2019-09-01,KABUPATEN KARAWANG,64675
2019-09-01,KABUPATEN TASIKMALAYA,26079
2019-10-01,KABUPATEN SUKABUMI,11962
2019-10-01,KOTA TASIKMALAYA,2713
2019-10-01,KOTA CIREBON,17
2019-10-01,KOTA CIMAHI,0
2019-10-01,KABUPATEN GARUT,19216
2019-10-01,KOTA DEPOK,60
2019-10-01,KABUPATEN CIANJUR,27954
2019-10-01,KABUPATEN BOGOR,18401
2019-10-01,KOTA BANJAR,3916
2019-10-01,KABUPATEN BANDUNG,39683
2019-10-01,KOTA BEKASI,437
2019-10-01,KABUPATEN KARAWANG,112292
2019-10-01,KABUPATEN BEKASI,51041
2019-10-01,KABUPATEN CIAMIS,25823
2019-10-01,KABUPATEN SUMEDANG,12273
2019-10-01,KABUPATEN KUNINGAN,3926
2019-10-01,KOTA SUKABUMI,1379
2019-10-01,KOTA BOGOR,4
2019-10-01,KABUPATEN PURWAKARTA,1608
2019-10-01,KABUPATEN MAJALENGKA,6931
2019-10-01,KABUPATEN CIREBON,75162
2019-10-01,KABUPATEN BANDUNG BARAT,8957
2019-10-01,KABUPATEN TASIKMALAYA,18499
2019-10-01,KOTA BANDUNG,1104
2019-10-01,KABUPATEN SUBANG,70990
2019-10-01,KABUPATEN PANGANDARAN,0
2019-10-01,KABUPATEN INDRAMAYU,44675
2019-11-01,KABUPATEN SUKABUMI,11610
2019-11-01,KABUPATEN BEKASI,41863
2019-11-01,KOTA CIMAHI,71
2019-11-01,KABUPATEN CIREBON,12233
2019-11-01,KABUPATEN GARUT,24331
2019-11-01,KABUPATEN KARAWANG,165193
2019-11-01,KABUPATEN BANDUNG BARAT,7229
2019-11-01,KOTA TASIKMALAYA,1728
2019-11-01,KABUPATEN BOGOR,21442
2019-11-01,KABUPATEN PURWAKARTA,2484
2019-11-01,KABUPATEN INDRAMAYU,46775
2019-11-01,KABUPATEN SUBANG,101006
2019-11-01,KOTA BANJAR,571
2019-11-01,KABUPATEN MAJALENGKA,14468
2019-11-01,KOTA DEPOK,55
2019-11-01,KABUPATEN SUMEDANG,18646
2019-11-01,KOTA SUKABUMI,1333
2019-11-01,KABUPATEN CIAMIS,7984
2019-11-01,KABUPATEN KUNINGAN,3010
2019-11-01,KABUPATEN PANGANDARAN,0
2019-11-01,KABUPATEN CIANJUR,28379
2019-11-01,KOTA BANDUNG,591
2019-11-01,KABUPATEN TASIKMALAYA,29944
2019-11-01,KOTA CIREBON,11
2019-11-01,KABUPATEN BANDUNG,25884
2019-11-01,KOTA BEKASI,0
2019-11-01,KOTA BOGOR,9
2019-12-01,KOTA TASIKMALAYA,399
2019-12-01,KABUPATEN PURWAKARTA,856
2019-12-01,KOTA CIREBON,17
2019-12-01,KABUPATEN INDRAMAYU,17992
2019-12-01,KABUPATEN TASIKMALAYA,21031
2019-12-01,KABUPATEN SUBANG,44367
2019-12-01,KOTA BANDUNG,87
2019-12-01,KOTA BANJAR,364
2019-12-01,KABUPATEN BANDUNG BARAT,4702
2019-12-01,KABUPATEN GARUT,17036
2019-12-01,KOTA SUKABUMI,396
2019-12-01,KABUPATEN BANDUNG,11092
2019-12-01,KABUPATEN KUNINGAN,4944
2019-12-01,KABUPATEN CIANJUR,20006
2019-12-01,KOTA DEPOK,36
2019-12-01,KABUPATEN SUMEDANG,15517
2019-12-01,KABUPATEN SUKABUMI,11298
2019-12-01,KABUPATEN PANGANDARAN,0
2019-12-01,KABUPATEN CIREBON,4011
2019-12-01,KABUPATEN BEKASI,63995
2019-12-01,KOTA BEKASI,0
2019-12-01,KABUPATEN CIAMIS,2594
2019-12-01,KABUPATEN MAJALENGKA,9146
2019-12-01,KABUPATEN KARAWANG,158761
2019-12-01,KOTA BOGOR,31
2019-12-01,KABUPATEN BOGOR,14454
2019-12-01,KOTA CIMAHI,0
2020-01-01,KABUPATEN CIANJUR,15148
2020-01-01,KABUPATEN INDRAMAYU,7249
2020-01-01,KOTA BANJAR,365
2020-01-01,KOTA BANDUNG,0
2020-01-01,KABUPATEN SUBANG,23574
2020-01-01,KOTA SUKABUMI,1629
2020-01-01,KABUPATEN BANDUNG BARAT,11937
2020-01-01,KOTA BOGOR,47
2020-01-01,KABUPATEN PURWAKARTA,1998
2020-01-01,KABUPATEN PANGANDARAN,0
2020-01-01,KABUPATEN KARAWANG,73032
2020-01-01,KABUPATEN BANDUNG,7220
2020-01-01,KOTA CIREBON,113
2020-01-01,KABUPATEN GARUT,20942
2020-01-01,KABUPATEN SUMEDANG,14705
2020-01-01,KABUPATEN BOGOR,5828
2020-01-01,KABUPATEN TASIKMALAYA,16822
2020-01-01,KABUPATEN CIAMIS,3311
2020-01-01,KABUPATEN BEKASI,13977
2020-01-01,KABUPATEN SUKABUMI,16896
2020-01-01,KOTA BEKASI,0
2020-01-01,KABUPATEN KUNINGAN,9012
2020-01-01,KABUPATEN MAJALENGKA,7101
2020-01-01,KOTA TASIKMALAYA,401
2020-01-01,KOTA DEPOK,1
2020-01-01,KOTA CIMAHI,64
2020-01-01,KABUPATEN CIREBON,10357
2020-02-01,KABUPATEN KARAWANG,11452
2020-02-01,KABUPATEN KUNINGAN,14373
2020-02-01,KABUPATEN PURWAKARTA,1328
2020-02-01,KABUPATEN GARUT,18727
2020-02-01,KOTA BANJAR,616
2020-02-01,KABUPATEN SUBANG,13163
2020-02-01,KABUPATEN INDRAMAYU,3792
2020-02-01,KABUPATEN MAJALENGKA,2925
2020-02-01,KABUPATEN SUMEDANG,7042
2020-02-01,KABUPATEN TASIKMALAYA,7135
2020-02-01,KABUPATEN CIREBON,651
2020-02-01,KABUPATEN BEKASI,5315
2020-02-01,KABUPATEN BOGOR,9042
2020-02-01,KABUPATEN BANDUNG,23851
2020-02-01,KOTA CIMAHI,21
2020-02-01,KOTA DEPOK,124
2020-02-01,KOTA BEKASI,0
2020-02-01,KABUPATEN SUKABUMI,8959
2020-02-01,KOTA TASIKMALAYA,732
2020-02-01,KOTA CIREBON,12
2020-02-01,KOTA BANDUNG,122
2020-02-01,KOTA SUKABUMI,518
2020-02-01,KABUPATEN CIANJUR,25177
2020-02-01,KABUPATEN CIAMIS,480
2020-02-01,KOTA BOGOR,5
2020-02-01,KABUPATEN BANDUNG BARAT,7716
2020-02-01,KABUPATEN PANGANDARAN,0
2020-03-01,KOTA CIMAHI,0
2020-03-01,KABUPATEN KARAWANG,23349
2020-03-01,KABUPATEN KUNINGAN,36645
2020-03-01,KOTA DEPOK,0
2020-03-01,KABUPATEN CIREBON,2882
2020-03-01,KOTA BANJAR,0
2020-03-01,KOTA BEKASI,0
2020-03-01,KABUPATEN BANDUNG BARAT,14455
2020-03-01,KABUPATEN MAJALENGKA,78380
2020-03-01,KABUPATEN PURWAKARTA,6960
2020-03-01,KOTA CIREBON,0
2020-03-01,KABUPATEN PANGANDARAN,1050
2020-03-01,KOTA TASIKMALAYA,1428
2020-03-01,KABUPATEN BEKASI,25084
2020-03-01,KOTA BANDUNG,331
2020-03-01,KABUPATEN SUBANG,36083
2020-03-01,KOTA SUKABUMI,208
2020-03-01,KABUPATEN INDRAMAYU,27104
2020-03-01,KOTA BOGOR,0
2020-03-01,KABUPATEN SUMEDANG,33989
2020-03-01,KABUPATEN TASIKMALAYA,17205
2020-03-01,KABUPATEN GARUT,20246
2020-03-01,KABUPATEN BANDUNG,17612
2020-03-01,KABUPATEN BOGOR,22727
2020-03-01,KABUPATEN CIANJUR,48421
2020-03-01,KABUPATEN CIAMIS,1022
2020-03-01,KABUPATEN SUKABUMI,8654
2020-04-01,KABUPATEN GARUT,74370
2020-04-01,KABUPATEN CIREBON,101164
2020-04-01,KABUPATEN CIANJUR,174761
2020-04-01,KOTA BOGOR,5
2020-04-01,KOTA BEKASI,1190
2020-04-01,KABUPATEN INDRAMAYU,310093
2020-04-01,KABUPATEN MAJALENGKA,164372
2020-04-01,KOTA BANDUNG,1258
2020-04-01,KOTA SUKABUMI,2770
2020-04-01,KOTA CIREBON,173
2020-04-01,KABUPATEN SUKABUMI,135635
2020-04-01,KOTA TASIKMALAYA,8329
2020-04-01,KABUPATEN SUMEDANG,61804
2020-04-01,KABUPATEN TASIKMALAYA,77705
2020-04-01,KABUPATEN SUBANG,144172
2020-04-01,KABUPATEN CIAMIS,36545
2020-04-01,KOTA DEPOK,0
2020-04-01,KABUPATEN KARAWANG,71418
2020-04-01,KABUPATEN PANGANDARAN,32345
2020-04-01,KABUPATEN PURWAKARTA,43493
2020-04-01,KABUPATEN BANDUNG,40555
2020-04-01,KABUPATEN BEKASI,38910
2020-04-01,KOTA CIMAHI,80
2020-04-01,KABUPATEN KUNINGAN,63592
2020-04-01,KOTA BANJAR,3444
2020-04-01,KABUPATEN BANDUNG BARAT,35696
2020-04-01,KABUPATEN BOGOR,72249
2020-05-01,KABUPATEN SUBANG,136068
2020-05-01,KABUPATEN KARAWANG,113215
2020-05-01,KOTA SUKABUMI,1547
2020-05-01,KABUPATEN BEKASI,58577
2020-05-01,KABUPATEN GARUT,63614
2020-05-01,KABUPATEN INDRAMAYU,261638
2020-05-01,KOTA BOGOR,0
2020-05-01,KABUPATEN BANDUNG BARAT,13091
2020-05-01,KABUPATEN PURWAKARTA,23329
2020-05-01,KABUPATEN CIANJUR,55698
2020-05-01,KABUPATEN PANGANDARAN,33532
2020-05-01,KOTA TASIKMALAYA,6622
2020-05-01,KOTA BANDUNG,1142
2020-05-01,KABUPATEN SUMEDANG,27442
2020-05-01,KABUPATEN BANDUNG,50758
2020-05-01,KABUPATEN CIREBON,98217
2020-05-01,KOTA DEPOK,0
2020-05-01,KOTA BEKASI,0
2020-05-01,KABUPATEN KUNINGAN,27659
2020-05-01,KABUPATEN BOGOR,27769
2020-05-01,KOTA CIREBON,291
2020-05-01,KABUPATEN MAJALENGKA,37413
2020-05-01,KABUPATEN TASIKMALAYA,74574
2020-05-01,KABUPATEN SUKABUMI,88038
2020-05-01,KOTA BANJAR,8322
2020-05-01,KOTA CIMAHI,0
2020-05-01,KABUPATEN CIAMIS,66749
2020-06-01,KOTA TASIKMALAYA,1695
2020-06-01,KABUPATEN PANGANDARAN,7213
2020-06-01,KABUPATEN CIAMIS,30687
2020-06-01,KABUPATEN BANDUNG,12631
2020-06-01,KOTA DEPOK,0
2020-06-01,KABUPATEN BANDUNG BARAT,7456
2020-06-01,KABUPATEN KUNINGAN,9190
2020-06-01,KABUPATEN PURWAKARTA,2030
2020-06-01,KOTA CIMAHI,46
2020-06-01,KABUPATEN SUBANG,95817
2020-06-01,KOTA BANJAR,1695
2020-06-01,KABUPATEN BEKASI,70466
2020-06-01,KOTA BANDUNG,383
2020-06-01,KABUPATEN BOGOR,9840
2020-06-01,KABUPATEN CIANJUR,15418
2020-06-01,KABUPATEN KARAWANG,195874
2020-06-01,KABUPATEN SUMEDANG,10144
2020-06-01,KABUPATEN SUKABUMI,12743
2020-06-01,KOTA SUKABUMI,1393
2020-06-01,KABUPATEN MAJALENGKA,15257
2020-06-01,KABUPATEN GARUT,28522
2020-06-01,KABUPATEN TASIKMALAYA,21830
2020-06-01,KOTA CIREBON,84
2020-06-01,KABUPATEN INDRAMAYU,55932
2020-06-01,KABUPATEN CIREBON,37689
2020-06-01,KOTA BEKASI,146
2020-06-01,KOTA BOGOR,28
2020-07-01,KOTA DEPOK,16
2020-07-01,KOTA BOGOR,0
2020-07-01,KABUPATEN BOGOR,29542
2020-07-01,KABUPATEN BANDUNG BARAT,23852
2020-07-01,KOTA TASIKMALAYA,402
2020-07-01,KABUPATEN CIANJUR,62714
2020-07-01,KOTA CIREBON,2
2020-07-01,KOTA SUKABUMI,702
2020-07-01,KOTA CIMAHI,31
2020-07-01,KABUPATEN PANGANDARAN,2246
2020-07-01,KOTA BEKASI,2
2020-07-01,KABUPATEN SUKABUMI,25645
2020-07-01,KOTA BANDUNG,65
2020-07-01,KABUPATEN BEKASI,63032
2020-07-01,KABUPATEN GARUT,25691
2020-07-01,KABUPATEN PURWAKARTA,11244
2020-07-01,KABUPATEN KUNINGAN,23660
2020-07-01,KABUPATEN SUBANG,44925
2020-07-01,KOTA BANJAR,487
2020-07-01,KABUPATEN CIREBON,22617
2020-07-01,KABUPATEN CIAMIS,1873
2020-07-01,KABUPATEN SUMEDANG,34617
2020-07-01,KABUPATEN BANDUNG,6842
2020-07-01,KABUPATEN KARAWANG,162287
2020-07-01,KABUPATEN TASIKMALAYA,22451
2020-07-01,KABUPATEN MAJALENGKA,91766
2020-07-01,KABUPATEN INDRAMAYU,49645
2020-08-01,KABUPATEN SUBANG,91159
2020-08-01,KABUPATEN BOGOR,40861
2020-08-01,KABUPATEN SUMEDANG,49995
2020-08-01,KABUPATEN CIREBON,60126
2020-08-01,KABUPATEN CIANJUR,99740
2020-08-01,KABUPATEN BANDUNG BARAT,19337
2020-08-01,KABUPATEN GARUT,42122
2020-08-01,KABUPATEN MAJALENGKA,105669
2020-08-01,KOTA BANJAR,395
2020-08-01,KOTA BEKASI,498
2020-08-01,KABUPATEN TASIKMALAYA,46517
2020-08-01,KABUPATEN INDRAMAYU,123484
2020-08-01,KABUPATEN PANGANDARAN,2568
2020-08-01,KOTA SUKABUMI,1483
2020-08-01,KOTA BOGOR,7
2020-08-01,KOTA DEPOK,16
2020-08-01,KOTA CIMAHI,46
2020-08-01,KABUPATEN KARAWANG,15624
2020-08-01,KABUPATEN PURWAKARTA,36721
2020-08-01,KABUPATEN BANDUNG,25799
2020-08-01,KOTA CIREBON,177
2020-08-01,KOTA TASIKMALAYA,1004
2020-08-01,KABUPATEN KUNINGAN,45263
2020-08-01,KABUPATEN SUKABUMI,105238
2020-08-01,KABUPATEN CIAMIS,11133
2020-08-01,KABUPATEN BEKASI,15089
2020-08-01,KOTA BANDUNG,243
2020-09-01,KOTA SUKABUMI,1490
2020-09-01,KOTA BANDUNG,810
2020-09-01,KABUPATEN SUKABUMI,59302
2020-09-01,KOTA CIREBON,87
2020-09-01,KABUPATEN CIREBON,53130
2020-09-01,KABUPATEN SUMEDANG,20031
2020-09-01,KABUPATEN GARUT,56638
2020-09-01,KABUPATEN KARAWANG,47448
2020-09-01,KABUPATEN BOGOR,32853
2020-09-01,KABUPATEN INDRAMAYU,339787
2020-09-01,KOTA CIMAHI,33
2020-09-01,KOTA TASIKMALAYA,6637
2020-09-01,KABUPATEN CIAMIS,44805
2020-09-01,KABUPATEN PURWAKARTA,21616
2020-09-01,KABUPATEN BEKASI,25525
2020-09-01,KOTA BANJAR,6138
2020-09-01,KOTA BOGOR,12
2020-09-01,KABUPATEN BANDUNG,38736
2020-09-01,KABUPATEN BANDUNG BARAT,14602
2020-09-01,KOTA DEPOK,34
2020-09-01,KABUPATEN CIANJUR,61270
2020-09-01,KABUPATEN TASIKMALAYA,77796
2020-09-01,KABUPATEN SUBANG,65620
2020-09-01,KABUPATEN PANGANDARAN,53994
2020-09-01,KOTA BEKASI,697
2020-09-01,KABUPATEN KUNINGAN,23913
2020-09-01,KABUPATEN MAJALENGKA,26803
2020-10-01,KABUPATEN KUNINGAN,7422
2020-10-01,KOTA CIREBON,92
2020-10-01,KOTA DEPOK,0
2020-10-01,KABUPATEN TASIKMALAYA,38347
2020-10-01,KABUPATEN CIAMIS,66627
2020-10-01,KABUPATEN BOGOR,28421
2020-10-01,KABUPATEN CIREBON,80363
2020-10-01,KOTA CIMAHI,0
2020-10-01,KOTA BEKASI,188
2020-10-01,KOTA SUKABUMI,1983
2020-10-01,KABUPATEN PANGANDARAN,19905
2020-10-01,KOTA BANJAR,5441
2020-10-01,KABUPATEN CIANJUR,18898
2020-10-01,KABUPATEN BANDUNG,33443
2020-10-01,KABUPATEN BANDUNG BARAT,7542
2020-10-01,KABUPATEN BEKASI,44827
2020-10-01,KABUPATEN PURWAKARTA,4908
2020-10-01,KOTA BOGOR,30
2020-10-01,KABUPATEN SUMEDANG,8243
2020-10-01,KABUPATEN SUKABUMI,32496
2020-10-01,KABUPATEN GARUT,31458
2020-10-01,KOTA TASIKMALAYA,6760
2020-10-01,KABUPATEN SUBANG,119408
2020-10-01,KOTA BANDUNG,1358
2020-10-01,KABUPATEN KARAWANG,76123
2020-10-01,KABUPATEN MAJALENGKA,9842
2020-10-01,KABUPATEN INDRAMAYU,106404
2020-11-01,KABUPATEN CIANJUR,25979
2020-11-01,KABUPATEN TASIKMALAYA,19575
2020-11-01,KABUPATEN BEKASI,96751
2020-11-01,KABUPATEN BANDUNG BARAT,3439
2020-11-01,KABUPATEN CIAMIS,15087
2020-11-01,KABUPATEN PURWAKARTA,2933
2020-11-01,KABUPATEN KARAWANG,126058
2020-11-01,KOTA DEPOK,0
2020-11-01,KABUPATEN BANDUNG,14071
2020-11-01,KABUPATEN MAJALENGKA,14740
2020-11-01,KABUPATEN KUNINGAN,7733
2020-11-01,KOTA BANDUNG,818
2020-11-01,KABUPATEN GARUT,24623
2020-11-01,KABUPATEN CIREBON,26317
2020-11-01,KOTA SUKABUMI,482
2020-11-01,KOTA CIREBON,0
2020-11-01,KABUPATEN SUMEDANG,19148
2020-11-01,KOTA BANJAR,746
2020-11-01,KOTA TASIKMALAYA,1720
2020-11-01,KABUPATEN BOGOR,11731
2020-11-01,KOTA BOGOR,6
2020-11-01,KABUPATEN INDRAMAYU,70779
2020-11-01,KABUPATEN PANGANDARAN,2131
2020-11-01,KOTA BEKASI,3
2020-11-01,KABUPATEN SUBANG,132107
2020-11-01,KABUPATEN SUKABUMI,13938
2020-11-01,KOTA CIMAHI,83
2020-12-01,KOTA CIMAHI,33
2020-12-01,KOTA TASIKMALAYA,619
2020-12-01,KOTA BANJAR,724
2020-12-01,KOTA BEKASI,0
2020-12-01,KOTA DEPOK,0
2020-12-01,KABUPATEN SUKABUMI,13914
2020-12-01,KABUPATEN CIANJUR,19768
2020-12-01,KABUPATEN BANDUNG,5638
2020-12-01,KABUPATEN GARUT,17960
2020-12-01,KABUPATEN TASIKMALAYA,24402
2020-12-01,KABUPATEN CIAMIS,4473
2020-12-01,KABUPATEN KUNINGAN,8856
2020-12-01,KABUPATEN CIREBON,3567
2020-12-01,KABUPATEN MAJALENGKA,12067
2020-12-01,KABUPATEN SUMEDANG,20019
2020-12-01,KABUPATEN BOGOR,8110
2020-12-01,KABUPATEN SUBANG,68662
2020-12-01,KABUPATEN PURWAKARTA,3397
2020-12-01,KABUPATEN KARAWANG,171992
2020-12-01,KABUPATEN BEKASI,46550
2020-12-01,KABUPATEN BANDUNG BARAT,5518
2020-12-01,KABUPATEN PANGANDARAN,0
2020-12-01,KOTA BOGOR,12
2020-12-01,KOTA SUKABUMI,326
2020-12-01,KOTA BANDUNG,271
2020-12-01,KOTA CIREBON,0
2020-12-01,KABUPATEN INDRAMAYU,7404
2021-01-01,KABUPATEN GARUT,25598
2021-01-01,KOTA CIREBON,0
2021-01-01,KABUPATEN KARAWANG,141115
2021-01-01,KOTA BANDUNG,190
2021-01-01,KABUPATEN BEKASI,13865
2021-01-01,KOTA BANJAR,0
2021-01-01,KABUPATEN PURWAKARTA,5842
2021-01-01,KABUPATEN BANDUNG,15360
2021-01-01,KOTA TASIKMALAYA,1054
2021-01-01,KABUPATEN SUMEDANG,12886
2021-01-01,KABUPATEN SUBANG,23128
2021-01-01,KOTA BEKASI,206
2021-01-01,KABUPATEN INDRAMAYU,8037
2021-01-01,KABUPATEN CIAMIS,6409
2021-01-01,KOTA CIMAHI,16
2021-01-01,KABUPATEN KUNINGAN,15134
2021-01-01,KABUPATEN MAJALENGKA,9950
2021-01-01,KOTA DEPOK,0
2021-01-01,KABUPATEN CIANJUR,31645
2021-01-01,KABUPATEN TASIKMALAYA,40983
2021-01-01,KABUPATEN BANDUNG BARAT,11137
2021-01-01,KABUPATEN CIREBON,8283
2021-01-01,KABUPATEN SUKABUMI,14780
2021-01-01,KABUPATEN BOGOR,13887
2021-01-01,KABUPATEN PANGANDARAN,698
2021-01-01,KOTA SUKABUMI,1281
2021-01-01,KOTA BOGOR,11
2021-02-01,KABUPATEN SUKABUMI,81441
2021-02-01,KABUPATEN PURWAKARTA,8088
2021-02-01,KOTA TASIKMALAYA,7490
2021-02-01,KABUPATEN GARUT,52317
2021-02-01,KABUPATEN SUMEDANG,6995
2021-02-01,KOTA BEKASI,21
2021-02-01,KABUPATEN BANDUNG BARAT,7319
2021-02-01,KOTA CIREBON,35
2021-02-01,KOTA CIMAHI,49
2021-02-01,KABUPATEN KARAWANG,36154
2021-02-01,KABUPATEN SUBANG,10305
2021-02-01,KABUPATEN KUNINGAN,10216
2021-02-01,KABUPATEN BANDUNG,14933
2021-02-01,KABUPATEN TASIKMALAYA,79667
2021-02-01,KABUPATEN CIREBON,4028
2021-02-01,KABUPATEN PANGANDARAN,18421
2021-02-01,KABUPATEN BEKASI,49203
2021-02-01,KABUPATEN MAJALENGKA,7496
2021-02-01,KABUPATEN BOGOR,28820
2021-02-01,KOTA BANDUNG,138
2021-02-01,KOTA DEPOK,88
2021-02-01,KABUPATEN INDRAMAYU,9490
2021-02-01,KABUPATEN CIANJUR,81179
2021-02-01,KOTA SUKABUMI,1021
2021-02-01,KOTA BANJAR,312
2021-02-01,KABUPATEN CIAMIS,27712
2021-02-01,KOTA BOGOR,0
2021-03-01,KOTA BEKASI,320
2021-03-01,KOTA BANJAR,13459
2021-03-01,KABUPATEN SUMEDANG,39261
2021-03-01,KOTA BOGOR,26
2021-03-01,KOTA CIMAHI,16
2021-03-01,KABUPATEN MAJALENGKA,169609
2021-03-01,KABUPATEN BOGOR,54024
2021-03-01,KABUPATEN KUNINGAN,57089
2021-03-01,KOTA DEPOK,52
2021-03-01,KABUPATEN CIREBON,73931
2021-03-01,KABUPATEN CIAMIS,75758
2021-03-01,KABUPATEN INDRAMAYU,165119
2021-03-01,KABUPATEN SUBANG,80715
2021-03-01,KABUPATEN TASIKMALAYA,30558
2021-03-01,KABUPATEN BANDUNG BARAT,30475
2021-03-01,KABUPATEN CIANJUR,108534
2021-03-01,KOTA BANDUNG,544
2021-03-01,KABUPATEN BEKASI,51939
2021-03-01,KABUPATEN PANGANDARAN,49792
2021-03-01,KABUPATEN BANDUNG,25672
2021-03-01,KABUPATEN KARAWANG,63254
2021-03-01,KABUPATEN PURWAKARTA,42714
2021-03-01,KOTA TASIKMALAYA,10314
2021-03-01,KABUPATEN SUKABUMI,124344
2021-03-01,KOTA SUKABUMI,2509
2021-03-01,KOTA CIREBON,79
2021-03-01,KABUPATEN GARUT,70302
2021-04-01,KABUPATEN SUMEDANG,46171
2021-04-01,KOTA DEPOK,16
2021-04-01,KOTA SUKABUMI,699
2021-04-01,KABUPATEN BANDUNG BARAT,12958
2021-04-01,KABUPATEN SUBANG,142802
2021-04-01,KABUPATEN BEKASI,57399
2021-04-01,KOTA CIREBON,395
2021-04-01,KABUPATEN KARAWANG,93511
2021-04-01,KABUPATEN PANGANDARAN,9561
2021-04-01,KOTA BOGOR,0
2021-04-01,KABUPATEN INDRAMAYU,365959
2021-04-01,KABUPATEN PURWAKARTA,11165
2021-04-01,KABUPATEN MAJALENGKA,66079
2021-04-01,KOTA BEKASI,226
2021-04-01,KOTA BANDUNG,1497
2021-04-01,KABUPATEN CIREBON,78006
2021-04-01,KABUPATEN CIAMIS,40100
2021-04-01,KABUPATEN CIANJUR,41260
2021-04-01,KOTA BANJAR,6157
2021-04-01,KOTA CIMAHI,82
2021-04-01,KABUPATEN BANDUNG,53822
2021-04-01,KABUPATEN SUKABUMI,32910
2021-04-01,KABUPATEN KUNINGAN,26490
2021-04-01,KABUPATEN TASIKMALAYA,21477
2021-04-01,KABUPATEN BOGOR,14845
2021-04-01,KOTA TASIKMALAYA,2641
2021-04-01,KABUPATEN GARUT,41249
2021-05-01,KOTA TASIKMALAYA,1043
2021-05-01,KABUPATEN SUBANG,172646
2021-05-01,KABUPATEN GARUT,33671
2021-05-01,KABUPATEN BEKASI,38611
2021-05-01,KOTA BANDUNG,943
2021-05-01,KOTA BEKASI,13
2021-05-01,KABUPATEN KARAWANG,111771
2021-05-01,KABUPATEN BANDUNG,28187
2021-05-01,KABUPATEN SUMEDANG,15643
2021-05-01,KABUPATEN INDRAMAYU,116532
2021-05-01,KABUPATEN TASIKMALAYA,38191
2021-05-01,KOTA DEPOK,0
2021-05-01,KOTA CIMAHI,44
2021-05-01,KOTA CIREBON,65
2021-05-01,KABUPATEN PURWAKARTA,9202
2021-05-01,KABUPATEN KUNINGAN,21602
2021-05-01,KABUPATEN CIAMIS,17088
2021-05-01,KABUPATEN SUKABUMI,19322
2021-05-01,KABUPATEN MAJALENGKA,20313
2021-05-01,KABUPATEN BOGOR,10421
2021-05-01,KABUPATEN PANGANDARAN,583
2021-05-01,KOTA SUKABUMI,536
2021-05-01,KABUPATEN CIREBON,46249
2021-05-01,KABUPATEN BANDUNG BARAT,9917
2021-05-01,KOTA BANJAR,916
2021-05-01,KABUPATEN CIANJUR,41535
2021-05-01,KOTA BOGOR,13
2021-06-01,KABUPATEN GARUT,42912
2021-06-01,KABUPATEN BOGOR,27675
2021-06-01,KOTA BOGOR,19
2021-06-01,KABUPATEN PANGANDARAN,1497
2021-06-01,KOTA BANJAR,187
2021-06-01,KABUPATEN CIANJUR,51564
2021-06-01,KOTA TASIKMALAYA,3053
2021-06-01,KABUPATEN BANDUNG,17533
2021-06-01,KABUPATEN SUKABUMI,54296
2021-06-01,KABUPATEN KARAWANG,171518
2021-06-01,KOTA BANDUNG,280
2021-06-01,KOTA SUKABUMI,1482
2021-06-01,KABUPATEN BANDUNG BARAT,9616
2021-06-01,KABUPATEN BEKASI,94537
2021-06-01,KABUPATEN PURWAKARTA,13690
2021-06-01,KOTA CIREBON,42
2021-06-01,KOTA DEPOK,0
2021-06-01,KABUPATEN MAJALENGKA,27946
2021-06-01,KABUPATEN SUBANG,45135
2021-06-01,KABUPATEN TASIKMALAYA,57579
2021-06-01,KABUPATEN INDRAMAYU,36802
2021-06-01,KABUPATEN CIREBON,25606
2021-06-01,KOTA BEKASI,516
2021-06-01,KABUPATEN KUNINGAN,20793
2021-06-01,KABUPATEN CIAMIS,12949
2021-06-01,KOTA CIMAHI,29
2021-06-01,KABUPATEN SUMEDANG,12599
2021-07-01,KOTA TASIKMALAYA,9124
2021-07-01,KABUPATEN KUNINGAN,61871
2021-07-01,KABUPATEN CIANJUR,78704
2021-07-01,KABUPATEN SUBANG,76552
2021-07-01,KABUPATEN BEKASI,83369
2021-07-01,KABUPATEN CIAMIS,47931
2021-07-01,KABUPATEN MAJALENGKA,129674
2021-07-01,KOTA BEKASI,139
2021-07-01,KOTA SUKABUMI,1734
2021-07-01,KABUPATEN SUKABUMI,75137
2021-07-01,KABUPATEN SUMEDANG,41085
2021-07-01,KOTA BANDUNG,178
2021-07-01,KABUPATEN KARAWANG,150938
2021-07-01,KABUPATEN BANDUNG BARAT,27900
2021-07-01,KOTA CIMAHI,15
2021-07-01,KABUPATEN PANGANDARAN,21993
2021-07-01,KABUPATEN GARUT,52809
2021-07-01,KABUPATEN TASIKMALAYA,35328
2021-07-01,KABUPATEN BANDUNG,21356
2021-07-01,KOTA DEPOK,32
2021-07-01,KOTA BANJAR,5642
2021-07-01,KOTA BOGOR,32
2021-07-01,KABUPATEN INDRAMAYU,110081
2021-07-01,KOTA CIREBON,24
2021-07-01,KABUPATEN PURWAKARTA,36555
2021-07-01,KABUPATEN BOGOR,43124
2021-07-01,KABUPATEN CIREBON,56229
2021-08-01,KOTA SUKABUMI,1590
2021-08-01,KOTA DEPOK,0
2021-08-01,KABUPATEN BANDUNG BARAT,8000
2021-08-01,KOTA BANJAR,1598
2021-08-01,KABUPATEN CIAMIS,32351
2021-08-01,KABUPATEN PANGANDARAN,25559
2021-08-01,KABUPATEN KUNINGAN,15810
2021-08-01,KABUPATEN CIREBON,38864
2021-08-01,KABUPATEN BOGOR,22087
2021-08-01,KABUPATEN BEKASI,12477
2021-08-01,KOTA BANDUNG,449
2021-08-01,KABUPATEN GARUT,32383
2021-08-01,KOTA CIMAHI,0
2021-08-01,KOTA CIREBON,397
2021-08-01,KABUPATEN INDRAMAYU,140650
2021-08-01,KABUPATEN PURWAKARTA,13298
2021-08-01,KABUPATEN BANDUNG,24320
2021-08-01,KABUPATEN MAJALENGKA,50838
2021-08-01,KABUPATEN TASIKMALAYA,17107
2021-08-01,KABUPATEN KARAWANG,38803
2021-08-01,KOTA BOGOR,13
2021-08-01,KOTA TASIKMALAYA,4045
2021-08-01,KABUPATEN CIANJUR,49301
2021-08-01,KABUPATEN SUBANG,61070
2021-08-01,KOTA BEKASI,447
2021-08-01,KABUPATEN SUKABUMI,26103
2021-08-01,KABUPATEN SUMEDANG,24135
2021-09-01,KOTA TASIKMALAYA,2533
2021-09-01,KOTA BANDUNG,868
2021-09-01,KOTA DEPOK,14
2021-09-01,KOTA BANJAR,1348
2021-09-01,KOTA CIREBON,0
2021-09-01,KOTA SUKABUMI,166
2021-09-01,KOTA CIMAHI,35
2021-09-01,KOTA BEKASI,138
2021-09-01,KOTA BOGOR,13
2021-09-01,KABUPATEN BEKASI,28088
2021-09-01,KABUPATEN CIAMIS,18307
2021-09-01,KABUPATEN CIREBON,46023
2021-09-01,KABUPATEN INDRAMAYU,215652
2021-09-01,KABUPATEN TASIKMALAYA,15774
2021-09-01,KABUPATEN GARUT,16531
2021-09-01,KABUPATEN MAJALENGKA,11844
2021-09-01,KABUPATEN KARAWANG,60785
2021-09-01,KABUPATEN BANDUNG BARAT,7935
2021-09-01,KABUPATEN BANDUNG,32129
2021-09-01,KABUPATEN CIANJUR,28519
2021-09-01,KABUPATEN PANGANDARAN,10765
2021-09-01,KABUPATEN SUMEDANG,17266
2021-09-01,KABUPATEN SUKABUMI,20208
2021-09-01,KABUPATEN BOGOR,17443
2021-09-01,KABUPATEN SUBANG,40847
2021-09-01,KABUPATEN PURWAKARTA,5735
2021-09-01,KABUPATEN KUNINGAN,16235
2021-10-01,KABUPATEN MAJALENGKA,16857
2021-10-01,KOTA BEKASI,177
2021-10-01,KABUPATEN CIREBON,62867
2021-10-01,KABUPATEN SUMEDANG,13936
2021-10-01,KABUPATEN KUNINGAN,9773
2021-10-01,KOTA BOGOR,6
2021-10-01,KABUPATEN TASIKMALAYA,29015
2021-10-01,KOTA CIMAHI,86
2021-10-01,KABUPATEN GARUT,25026
2021-10-01,KABUPATEN BANDUNG,31843
2021-10-01,KABUPATEN CIANJUR,35567
2021-10-01,KOTA TASIKMALAYA,2491
2021-10-01,KABUPATEN SUKABUMI,15844
2021-10-01,KABUPATEN BOGOR,28292
2021-10-01,KOTA BANJAR,3962
2021-10-01,KABUPATEN CIAMIS,24964
2021-10-01,KOTA CIREBON,30
2021-10-01,KOTA DEPOK,0
2021-10-01,KABUPATEN BEKASI,36416
2021-10-01,KABUPATEN PANGANDARAN,938
2021-10-01,KABUPATEN SUBANG,132147
2021-10-01,KOTA BANDUNG,786
2021-10-01,KABUPATEN BANDUNG BARAT,8586
2021-10-01,KABUPATEN PURWAKARTA,9806
2021-10-01,KABUPATEN KARAWANG,113527
2021-10-01,KOTA SUKABUMI,685
2021-10-01,KABUPATEN INDRAMAYU,79080
2021-11-01,KABUPATEN INDRAMAYU,61457
2021-11-01,KABUPATEN KARAWANG,101596
2021-11-01,KABUPATEN TASIKMALAYA,45060
2021-11-01,KABUPATEN GARUT,25492
2021-11-01,KABUPATEN BEKASI,35437
2021-11-01,KOTA CIMAHI,69
2021-11-01,KABUPATEN CIANJUR,28766
2021-11-01,KABUPATEN BANDUNG BARAT,5833
2021-11-01,KOTA TASIKMALAYA,2740
2021-11-01,KABUPATEN SUKABUMI,13089
2021-11-01,KABUPATEN PANGANDARAN,0
2021-11-01,KABUPATEN BOGOR,13245
2021-11-01,KOTA BOGOR,6
2021-11-01,KOTA BANJAR,2043
2021-11-01,KOTA SUKABUMI,1298
2021-11-01,KABUPATEN CIAMIS,5893
2021-11-01,KABUPATEN BANDUNG,25933
2021-11-01,KOTA BANDUNG,802
2021-11-01,KOTA BEKASI,89
2021-11-01,KABUPATEN SUBANG,110613
2021-11-01,KABUPATEN SUMEDANG,15002
2021-11-01,KOTA DEPOK,0
2021-11-01,KABUPATEN CIREBON,18703
2021-11-01,KABUPATEN KUNINGAN,11200
2021-11-01,KABUPATEN MAJALENGKA,15082
2021-11-01,KABUPATEN PURWAKARTA,6441
2021-11-01,KOTA CIREBON,36
2021-12-01,KABUPATEN INDRAMAYU,10763
2021-12-01,KABUPATEN BOGOR,11291
2021-12-01,KABUPATEN MAJALENGKA,8563
2021-12-01,KOTA BOGOR,32
2021-12-01,KOTA CIREBON,142
2021-12-01,KABUPATEN SUKABUMI,15451
2021-12-01,KABUPATEN BANDUNG BARAT,6818
2021-12-01,KOTA BANJAR,0
2021-12-01,KOTA TASIKMALAYA,2592
2021-12-01,KABUPATEN PANGANDARAN,194
2021-12-01,KOTA DEPOK,41
2021-12-01,KABUPATEN SUMEDANG,17059
2021-12-01,KOTA BANDUNG,422
2021-12-01,KABUPATEN SUBANG,63496
2021-12-01,KABUPATEN CIAMIS,10869
2021-12-01,KABUPATEN TASIKMALAYA,35170
2021-12-01,KABUPATEN KARAWANG,151161
2021-12-01,KABUPATEN GARUT,25030
2021-12-01,KABUPATEN KUNINGAN,9681
2021-12-01,KABUPATEN PURWAKARTA,5329
2021-12-01,KOTA SUKABUMI,2123
2021-12-01,KABUPATEN CIREBON,5942
2021-12-01,KABUPATEN BANDUNG,19627
2021-12-01,KOTA BEKASI,12
2021-12-01,KABUPATEN BEKASI,86245
2021-12-01,KOTA CIMAHI,0
2021-12-01,KABUPATEN CIANJUR,35200
2022-01-01,KOTA SUKABUMI,872
2022-01-01,KABUPATEN CIAMIS,12569
2022-01-01,KOTA BANDUNG,306
2022-01-01,KABUPATEN TASIKMALAYA,41688
2022-01-01,KOTA BEKASI,2
2022-01-01,KABUPATEN GARUT,22246
2022-01-01,KOTA DEPOK,0
2022-01-01,KABUPATEN KUNINGAN,13922
2022-01-01,KOTA CIREBON,0
2022-01-01,KOTA BOGOR,18
2022-01-01,KABUPATEN KARAWANG,153426
2022-01-01,KABUPATEN PANGANDARAN,1643
2022-01-01,KABUPATEN MAJALENGKA,4435
2022-01-01,KABUPATEN BANDUNG BARAT,6305
2022-01-01,KABUPATEN SUMEDANG,16588
2022-01-01,KABUPATEN BEKASI,22229
2022-01-01,KABUPATEN INDRAMAYU,7633
2022-01-01,KABUPATEN PURWAKARTA,4162
2022-01-01,KABUPATEN SUBANG,24411
2022-01-01,KABUPATEN BANDUNG,9835
2022-01-01,KABUPATEN CIREBON,3280
2022-01-01,KOTA CIMAHI,0
2022-01-01,KABUPATEN CIANJUR,26714
2022-01-01,KOTA BANJAR,0
2022-01-01,KABUPATEN SUKABUMI,23793
2022-01-01,KABUPATEN BOGOR,19705
2022-01-01,KOTA TASIKMALAYA,7620
2022-02-01,KABUPATEN KUNINGAN,9709
2022-02-01,KABUPATEN KARAWANG,32323
2022-02-01,KABUPATEN SUMEDANG,11098
2022-02-01,KOTA CIREBON,0
2022-02-01,KABUPATEN BEKASI,20118
2022-02-01,KABUPATEN TASIKMALAYA,26820
2022-02-01,KABUPATEN BANDUNG BARAT,10875
2022-02-01,KABUPATEN MAJALENGKA,16627
2022-02-01,KABUPATEN GARUT,35981
2022-02-01,KABUPATEN SUKABUMI,84085
2022-02-01,KABUPATEN CIAMIS,10619
2022-02-01,KOTA BANJAR,343
2022-02-01,KOTA SUKABUMI,991
2022-02-01,KABUPATEN PANGANDARAN,17392
2022-02-01,KABUPATEN CIREBON,5655
2022-02-01,KOTA BANDUNG,85
2022-02-01,KOTA BEKASI,43
2022-02-01,KOTA BOGOR,6
2022-02-01,KABUPATEN INDRAMAYU,25911
2022-02-01,KABUPATEN CIANJUR,98635
2022-02-01,KOTA TASIKMALAYA,3132
2022-02-01,KABUPATEN PURWAKARTA,6271
2022-02-01,KOTA DEPOK,0
2022-02-01,KABUPATEN BOGOR,19881
2022-02-01,KABUPATEN BANDUNG,11343
2022-02-01,KABUPATEN SUBANG,16454
2022-02-01,KOTA CIMAHI,17
2022-03-01,KOTA BANDUNG,671
2022-03-01,KABUPATEN PURWAKARTA,48431
2022-03-01,KABUPATEN CIAMIS,67419
2022-03-01,KOTA BANJAR,8477
2022-03-01,KABUPATEN BANDUNG BARAT,33259
2022-03-01,KOTA CIMAHI,50
2022-03-01,KABUPATEN SUKABUMI,103714
2022-03-01,KABUPATEN CIANJUR,111429
2022-03-01,KABUPATEN PANGANDARAN,48617
2022-03-01,KABUPATEN CIREBON,69519
2022-03-01,KABUPATEN KUNINGAN,63407
2022-03-01,KABUPATEN SUBANG,129420
2022-03-01,KOTA SUKABUMI,514
2022-03-01,KABUPATEN BOGOR,61475
2022-03-01,KOTA CIREBON,147
2022-03-01,KABUPATEN INDRAMAYU,224602
2022-03-01,KOTA DEPOK,0
2022-03-01,KOTA BEKASI,804
2022-03-01,KOTA TASIKMALAYA,4777
2022-03-01,KABUPATEN TASIKMALAYA,50179
2022-03-01,KABUPATEN BEKASI,62986
2022-03-01,KABUPATEN BANDUNG,20891
2022-03-01,KABUPATEN GARUT,69700
2022-03-01,KABUPATEN KARAWANG,76181
2022-03-01,KOTA BOGOR,12
2022-03-01,KABUPATEN MAJALENGKA,186839
2022-03-01,KABUPATEN SUMEDANG,56642
2022-04-01,KABUPATEN PANGANDARAN,9123
2022-04-01,KABUPATEN CIREBON,103186
2022-04-01,KABUPATEN PURWAKARTA,24149
2022-04-01,KABUPATEN SUMEDANG,35593
2022-04-01,KABUPATEN INDRAMAYU,442185
2022-04-01,KABUPATEN BANDUNG BARAT,9518
2022-04-01,KABUPATEN BEKASI,44571
2022-04-01,KOTA BANJAR,7745
2022-04-01,KABUPATEN MAJALENGKA,61544
2022-04-01,KABUPATEN KARAWANG,126453
2022-04-01,KABUPATEN BOGOR,23420
2022-04-01,KOTA CIMAHI,34
2022-04-01,KOTA CIREBON,248
2022-04-01,KABUPATEN GARUT,50388
2022-04-01,KABUPATEN CIAMIS,44122
2022-04-01,KOTA BEKASI,0
2022-04-01,KABUPATEN SUKABUMI,28431
2022-04-01,KABUPATEN BANDUNG,54046
2022-04-01,KOTA SUKABUMI,1506
2022-04-01,KOTA BANDUNG,1154
2022-04-01,KOTA TASIKMALAYA,4414
2022-04-01,KOTA DEPOK,0
2022-04-01,KABUPATEN TASIKMALAYA,37194
2022-04-01,KABUPATEN KUNINGAN,23943
2022-04-01,KABUPATEN CIANJUR,37480
2022-04-01,KOTA BOGOR,0
2022-04-01,KABUPATEN SUBANG,170252
2022-05-01,KOTA CIREBON,61
2022-05-01,KABUPATEN KARAWANG,71464
2022-05-01,KABUPATEN SUMEDANG,18420
2022-05-01,KABUPATEN BOGOR,15334
2022-05-01,KOTA BANJAR,0
2022-05-01,KABUPATEN BANDUNG,39190
2022-05-01,KABUPATEN INDRAMAYU,99722
2022-05-01,KABUPATEN PURWAKARTA,6618
2022-05-01,KOTA DEPOK,26
2022-05-01,KABUPATEN CIANJUR,35416
2022-05-01,KABUPATEN GARUT,26809
2022-05-01,KOTA BEKASI,0
2022-05-01,KABUPATEN SUBANG,113795
2022-05-01,KABUPATEN SUKABUMI,29492
2022-05-01,KABUPATEN PANGANDARAN,540
2022-05-01,KABUPATEN KUNINGAN,17407
2022-05-01,KOTA CIMAHI,49
2022-05-01,KOTA TASIKMALAYA,3164
2022-05-01,KABUPATEN CIREBON,49343
2022-05-01,KOTA BOGOR,57
2022-05-01,KOTA SUKABUMI,2066
2022-05-01,KABUPATEN CIAMIS,14862
2022-05-01,KABUPATEN BANDUNG BARAT,8431
2022-05-01,KOTA BANDUNG,712
2022-05-01,KABUPATEN MAJALENGKA,20136
2022-05-01,KABUPATEN BEKASI,48568
2022-05-01,KABUPATEN TASIKMALAYA,34913
2022-06-01,KOTA CIREBON,0
2022-06-01,KABUPATEN BEKASI,111594
2022-06-01,KOTA BANJAR,0
2022-06-01,KOTA CIMAHI,33
2022-06-01,KOTA DEPOK,13
2022-06-01,KABUPATEN KARAWANG,158037
2022-06-01,KOTA BANDUNG,828
2022-06-01,KABUPATEN PURWAKARTA,6418
2022-06-01,KOTA BOGOR,8
2022-06-01,KABUPATEN BANDUNG BARAT,9817
2022-06-01,KOTA TASIKMALAYA,6518
2022-06-01,KOTA BEKASI,2
2022-06-01,KOTA SUKABUMI,1179
2022-06-01,KABUPATEN PANGANDARAN,254
2022-06-01,KABUPATEN SUBANG,61629
2022-06-01,KABUPATEN KUNINGAN,18733
2022-06-01,KABUPATEN MAJALENGKA,26470
2022-06-01,KABUPATEN CIANJUR,69607
2022-06-01,KABUPATEN CIREBON,17173
2022-06-01,KABUPATEN BANDUNG,15123
2022-06-01,KABUPATEN SUKABUMI,84516
2022-06-01,KABUPATEN INDRAMAYU,44973
2022-06-01,KABUPATEN CIAMIS,14481
2022-06-01,KABUPATEN SUMEDANG,14544
2022-06-01,KABUPATEN BOGOR,17148
2022-06-01,KABUPATEN GARUT,43414
2022-06-01,KABUPATEN TASIKMALAYA,35132
2022-07-01,KABUPATEN SUKABUMI,57493
2022-07-01,KABUPATEN BEKASI,39057
2022-07-01,KABUPATEN MAJALENGKA,144543
2022-07-01,KABUPATEN GARUT,52771
2022-07-01,KOTA CIMAHI,17
2022-07-01,KOTA BANDUNG,116
2022-07-01,KABUPATEN BANDUNG BARAT,30398
2022-07-01,KABUPATEN CIREBON,50029
2022-07-01,KOTA DEPOK,0
2022-07-01,KABUPATEN PANGANDARAN,21622
2022-07-01,KABUPATEN TASIKMALAYA,39170
2022-07-01,KABUPATEN KUNINGAN,57854
2022-07-01,KOTA CIREBON,41
2022-07-01,KABUPATEN BANDUNG,9815
2022-07-01,KOTA BOGOR,0
2022-07-01,KOTA BEKASI,238
2022-07-01,KABUPATEN CIAMIS,32960
2022-07-01,KOTA SUKABUMI,651
2022-07-01,KABUPATEN SUBANG,70082
2022-07-01,KABUPATEN CIANJUR,72436
2022-07-01,KOTA TASIKMALAYA,5577
2022-07-01,KABUPATEN BOGOR,37643
2022-07-01,KOTA BANJAR,1635
2022-07-01,KABUPATEN PURWAKARTA,23813
2022-07-01,KABUPATEN SUMEDANG,50467
2022-07-01,KABUPATEN INDRAMAYU,94672
2022-07-01,KABUPATEN KARAWANG,129088
2022-08-01,KABUPATEN SUKABUMI,21777
2022-08-01,KABUPATEN BOGOR,18538
2022-08-01,KABUPATEN PURWAKARTA,35859
2022-08-01,KOTA BOGOR,0
2022-08-01,KOTA BEKASI,633
2022-08-01,KABUPATEN BANDUNG,13455
2022-08-01,KABUPATEN CIAMIS,34428
2022-08-01,KABUPATEN INDRAMAYU,160930
2022-08-01,KOTA SUKABUMI,568
2022-08-01,KOTA CIREBON,227
2022-08-01,KOTA BANJAR,6842
2022-08-01,KABUPATEN TASIKMALAYA,24899
2022-08-01,KOTA BANDUNG,96
2022-08-01,KABUPATEN SUBANG,75944
2022-08-01,KABUPATEN GARUT,40887
2022-08-01,KABUPATEN PANGANDARAN,37304
2022-08-01,KOTA DEPOK,0
2022-08-01,KABUPATEN KUNINGAN,15955
2022-08-01,KABUPATEN BEKASI,32115
2022-08-01,KOTA CIMAHI,17
2022-08-01,KABUPATEN SUMEDANG,25312
2022-08-01,KABUPATEN BANDUNG BARAT,10360
2022-08-01,KABUPATEN CIANJUR,46883
2022-08-01,KOTA TASIKMALAYA,3116
2022-08-01,KABUPATEN KARAWANG,50631
2022-08-01,KABUPATEN MAJALENGKA,54733
2022-08-01,KABUPATEN CIREBON,48297
2022-09-01,KOTA BANJAR,1952
2022-09-01,KABUPATEN TASIKMALAYA,24235
2022-09-01,KABUPATEN KARAWANG,81208
2022-09-01,KABUPATEN BEKASI,28194
2022-09-01,KOTA CIREBON,78
2022-09-01,KOTA SUKABUMI,1383
2022-09-01,KOTA CIMAHI,32
2022-09-01,KOTA BANDUNG,970
2022-09-01,KABUPATEN INDRAMAYU,266602
2022-09-01,KABUPATEN MAJALENGKA,13642
2022-09-01,KABUPATEN SUKABUMI,17220
2022-09-01,KABUPATEN SUBANG,79632
2022-09-01,KOTA DEPOK,0
2022-09-01,KABUPATEN CIAMIS,31802
2022-09-01,KABUPATEN BANDUNG,35201
2022-09-01,KABUPATEN SUMEDANG,21492
2022-09-01,KABUPATEN CIREBON,70831
2022-09-01,KOTA BOGOR,15
2022-09-01,KABUPATEN BANDUNG BARAT,4675
2022-09-01,KOTA BEKASI,48
2022-09-01,KABUPATEN PANGANDARAN,11728
2022-09-01,KABUPATEN PURWAKARTA,10582
2022-09-01,KABUPATEN GARUT,22687
2022-09-01,KOTA TASIKMALAYA,3281
2022-09-01,KABUPATEN KUNINGAN,12906
2022-09-01,KABUPATEN BOGOR,29161
2022-09-01,KABUPATEN CIANJUR,30607
2022-10-01,KOTA TASIKMALAYA,2023
2022-10-01,KABUPATEN BOGOR,30829
2022-10-01,KOTA DEPOK,34
2022-10-01,KABUPATEN CIANJUR,33078
2022-10-01,KOTA CIREBON,0
2022-10-01,KOTA CIMAHI,64
2022-10-01,KABUPATEN BANDUNG,46957
2022-10-01,KABUPATEN SUKABUMI,25729
2022-10-01,KOTA BANJAR,2589
2022-10-01,KABUPATEN GARUT,22156
2022-10-01,KOTA BEKASI,0
2022-10-01,KABUPATEN KARAWANG,97472
2022-10-01,KABUPATEN PURWAKARTA,6533
2022-10-01,KABUPATEN INDRAMAYU,99494
2022-10-01,KABUPATEN BANDUNG BARAT,8660
2022-10-01,KABUPATEN CIREBON,50999
2022-10-01,KOTA BOGOR,30
2022-10-01,KABUPATEN CIAMIS,20778
2022-10-01,KABUPATEN KUNINGAN,13457
2022-10-01,KABUPATEN SUBANG,167407
2022-10-01,KOTA SUKABUMI,2384
2022-10-01,KABUPATEN PANGANDARAN,228
2022-10-01,KABUPATEN BEKASI,41099
2022-10-01,KABUPATEN TASIKMALAYA,29880
2022-10-01,KOTA BANDUNG,966
2022-10-01,KABUPATEN MAJALENGKA,7657
2022-10-01,KABUPATEN SUMEDANG,13778
2022-11-01,KABUPATEN BEKASI,67742
2022-11-01,KABUPATEN SUMEDANG,19379
2022-11-01,KOTA CIMAHI,32
2022-11-01,KABUPATEN SUKABUMI,21926
2022-11-01,KOTA TASIKMALAYA,4539
2022-11-01,KABUPATEN KARAWANG,120571
2022-11-01,KABUPATEN BANDUNG BARAT,15711
2022-11-01,KOTA DEPOK,0
2022-11-01,KABUPATEN MAJALENGKA,21746
2022-11-01,KABUPATEN KUNINGAN,17593
2022-11-01,KABUPATEN CIREBON,21772
2022-11-01,KABUPATEN PURWAKARTA,8443
2022-11-01,KABUPATEN CIANJUR,36727
2022-11-01,KABUPATEN BOGOR,13918
2022-11-01,KABUPATEN GARUT,28599
2022-11-01,KOTA BANDUNG,765
2022-11-01,KABUPATEN TASIKMALAYA,49433
2022-11-01,KOTA BEKASI,0
2022-11-01,KABUPATEN INDRAMAYU,12792
2022-11-01,KABUPATEN CIAMIS,11634
2022-11-01,KOTA BOGOR,15
2022-11-01,KABUPATEN PANGANDARAN,228
2022-11-01,KABUPATEN SUBANG,96503
2022-11-01,KABUPATEN BANDUNG,22380
2022-11-01,KOTA BANJAR,0
2022-11-01,KOTA CIREBON,6
2022-11-01,KOTA SUKABUMI,810
2022-12-01,KOTA BANJAR,1691
2022-12-01,KABUPATEN SUBANG,33256
2022-12-01,KABUPATEN INDRAMAYU,2745
2022-12-01,KABUPATEN SUMEDANG,14855
2022-12-01,KABUPATEN PURWAKARTA,7459
2022-12-01,KOTA TASIKMALAYA,6078
2022-12-01,KABUPATEN BOGOR,12847
2022-12-01,KABUPATEN GARUT,25685
2022-12-01,KABUPATEN MAJALENGKA,7722
2022-12-01,KABUPATEN KARAWANG,130033
2022-12-01,KOTA BANDUNG,524
2022-12-01,KOTA SUKABUMI,336
2022-12-01,KOTA CIREBON,58
2022-12-01,KABUPATEN TASIKMALAYA,37424
2022-12-01,KOTA BOGOR,15
2022-12-01,KOTA BEKASI,101
2022-12-01,KABUPATEN CIAMIS,10008
2022-12-01,KABUPATEN PANGANDARAN,0
2022-12-01,KABUPATEN BANDUNG,10975
2022-12-01,KABUPATEN KUNINGAN,12705
2022-12-01,KABUPATEN BANDUNG BARAT,5647
2022-12-01,KOTA DEPOK,0
2022-12-01,KABUPATEN SUKABUMI,10050
2022-12-01,KABUPATEN CIREBON,4621
2022-12-01,KABUPATEN BEKASI,37482
2022-12-01,KOTA CIMAHI,0
2022-12-01,KABUPATEN CIANJUR,18933
2023-01-01,KABUPATEN INDRAMAYU,0
2023-01-01,KOTA CIREBON,0
2023-01-01,KABUPATEN SUBANG,13601
2023-01-01,KOTA BANDUNG,62
2023-01-01,KABUPATEN CIANJUR,95720
2023-01-01,KABUPATEN KARAWANG,87794
2023-01-01,KABUPATEN GARUT,46342
2023-01-01,KOTA SUKABUMI,882
2023-01-01,KABUPATEN PANGANDARAN,4402
2023-01-01,KOTA BOGOR,6
2023-01-01,KOTA BEKASI,215
2023-01-01,KABUPATEN BEKASI,23353
2023-01-01,KABUPATEN PURWAKARTA,3709
2023-01-01,KABUPATEN SUMEDANG,16158
2023-01-01,KOTA CIMAHI,32
2023-01-01,KABUPATEN TASIKMALAYA,40649
2023-01-01,KABUPATEN BANDUNG,10048
2023-01-01,KABUPATEN CIAMIS,9077
2023-01-01,KABUPATEN BOGOR,15939
2023-01-01,KABUPATEN KUNINGAN,9363
2023-01-01,KOTA BANJAR,0
2023-01-01,KOTA DEPOK,0
2023-01-01,KABUPATEN CIREBON,6875
2023-01-01,KOTA TASIKMALAYA,4612
2023-01-01,KABUPATEN BANDUNG BARAT,6565
2023-01-01,KABUPATEN MAJALENGKA,8617
2023-01-01,KABUPATEN SUKABUMI,73292
2023-02-01,KABUPATEN SUBANG,21650
2023-02-01,KABUPATEN KUNINGAN,15496
2023-02-01,KABUPATEN MAJALENGKA,21920
2023-02-01,KABUPATEN PURWAKARTA,19720
2023-02-01,KABUPATEN INDRAMAYU,12991
2023-02-01,KABUPATEN TASIKMALAYA,26987
2023-02-01,KABUPATEN KARAWANG,68717
2023-02-01,KABUPATEN SUMEDANG,21636
2023-02-01,KABUPATEN BEKASI,36154
2023-02-01,KABUPATEN CIREBON,8965
2023-02-01,KABUPATEN GARUT,48854
2023-02-01,KABUPATEN BOGOR,29613
2023-02-01,KABUPATEN BANDUNG,16931
2023-02-01,KOTA BANJAR,1844
2023-02-01,KOTA TASIKMALAYA,3267
2023-02-01,KOTA CIMAHI,63
2023-02-01,KOTA DEPOK,0
2023-02-01,KABUPATEN SUKABUMI,94276
2023-02-01,KOTA BEKASI,19
2023-02-01,KABUPATEN BANDUNG BARAT,21940
2023-02-01,KOTA CIREBON,0
2023-02-01,KOTA BANDUNG,12
2023-02-01,KABUPATEN CIANJUR,73260
2023-02-01,KABUPATEN CIAMIS,27617
2023-02-01,KOTA SUKABUMI,1631
2023-02-01,KOTA BOGOR,17
2023-02-01,KABUPATEN PANGANDARAN,25536
2023-03-01,KABUPATEN SUBANG,125985
2023-03-01,KOTA BANJAR,7954
2023-03-01,KABUPATEN BEKASI,51879
2023-03-01,KOTA TASIKMALAYA,2506
2023-03-01,KABUPATEN KUNINGAN,54608
2023-03-01,KABUPATEN BANDUNG BARAT,23530
2023-03-01,KOTA CIMAHI,47
2023-03-01,KABUPATEN CIREBON,76950
2023-03-01,KOTA DEPOK,17
2023-03-01,KABUPATEN MAJALENGKA,180997
2023-03-01,KABUPATEN KARAWANG,104586
2023-03-01,KABUPATEN PANGANDARAN,40401
2023-03-01,KOTA BEKASI,269
2023-03-01,KABUPATEN SUMEDANG,52350
2023-03-01,KABUPATEN PURWAKARTA,43803
2023-03-01,KOTA BOGOR,0
2023-03-01,KABUPATEN INDRAMAYU,193606
2023-03-01,KOTA BANDUNG,591
2023-03-01,KOTA SUKABUMI,2223
2023-03-01,KOTA CIREBON,99
2023-03-01,KABUPATEN CIAMIS,66494
2023-03-01,KABUPATEN GARUT,39933
2023-03-01,KABUPATEN BANDUNG,25974
2023-03-01,KABUPATEN SUKABUMI,56969
2023-03-01,KABUPATEN CIANJUR,77750
2023-03-01,KABUPATEN BOGOR,48808
2023-03-01,KABUPATEN TASIKMALAYA,43941
2023-04-01,KABUPATEN MAJALENGKA,50733
2023-04-01,KOTA CIMAHI,16
2023-04-01,KOTA DEPOK,0
2023-04-01,KABUPATEN SUMEDANG,22839
2023-04-01,KOTA BEKASI,223
2023-04-01,KABUPATEN SUKABUMI,26301
2023-04-01,KABUPATEN INDRAMAYU,311496
2023-04-01,KABUPATEN GARUT,32839
2023-04-01,KABUPATEN SUBANG,183319
2023-04-01,KABUPATEN CIAMIS,28176
2023-04-01,KABUPATEN PURWAKARTA,18457
2023-04-01,KOTA BANDUNG,1270
2023-04-01,KOTA SUKABUMI,1555
2023-04-01,KABUPATEN CIANJUR,38402
2023-04-01,KABUPATEN KARAWANG,74445
2023-04-01,KABUPATEN BEKASI,32076
2023-04-01,KOTA BOGOR,11
2023-04-01,KABUPATEN BANDUNG,53433
2023-04-01,KABUPATEN BANDUNG BARAT,13423
2023-04-01,KOTA CIREBON,180
2023-04-01,KABUPATEN TASIKMALAYA,33414
2023-04-01,KABUPATEN PANGANDARAN,2278
2023-04-01,KABUPATEN KUNINGAN,29796
2023-04-01,KOTA BANJAR,3854
2023-04-01,KABUPATEN BOGOR,21403
2023-04-01,KOTA TASIKMALAYA,3804
2023-04-01,KABUPATEN CIREBON,66240
2023-05-01,KABUPATEN SUMEDANG,20508
2023-05-01,KABUPATEN KUNINGAN,15613
2023-05-01,KOTA BOGOR,6
2023-05-01,KOTA BEKASI,0
2023-05-01,KOTA TASIKMALAYA,6844
2023-05-01,KABUPATEN BOGOR,21236
2023-05-01,KABUPATEN GARUT,43197
2023-05-01,KOTA BANJAR,2971
2023-05-01,KABUPATEN PANGANDARAN,2067
2023-05-01,KABUPATEN SUBANG,138836
2023-05-01,KABUPATEN BANDUNG,31504
2023-05-01,KABUPATEN BEKASI,60602
2023-05-01,KABUPATEN SUKABUMI,85280
2023-05-01,KABUPATEN INDRAMAYU,240025
2023-05-01,KOTA CIREBON,121
2023-05-01,KOTA DEPOK,0
2023-05-01,KOTA SUKABUMI,553
2023-05-01,KOTA CIMAHI,17
2023-05-01,KABUPATEN TASIKMALAYA,45079
2023-05-01,KABUPATEN CIREBON,71380
2023-05-01,KABUPATEN MAJALENGKA,19339
2023-05-01,KOTA BANDUNG,813
2023-05-01,KABUPATEN CIANJUR,75154
2023-05-01,KABUPATEN KARAWANG,118453
2023-05-01,KABUPATEN CIAMIS,15082
2023-05-01,KABUPATEN PURWAKARTA,5178
2023-05-01,KABUPATEN BANDUNG BARAT,7342
2023-06-01,KABUPATEN KARAWANG,120652
2023-06-01,KABUPATEN KUNINGAN,30538
2023-06-01,KABUPATEN BANDUNG,18503
2023-06-01,KABUPATEN SUBANG,23532
2023-06-01,KOTA BOGOR,12
2023-06-01,KOTA SUKABUMI,889
2023-06-01,KABUPATEN PURWAKARTA,19725
2023-06-01,KOTA BANDUNG,444
2023-06-01,KABUPATEN INDRAMAYU,31555
2023-06-01,KOTA BANJAR,113
2023-06-01,KOTA CIREBON,0
2023-06-01,KABUPATEN PANGANDARAN,1138
2023-06-01,KOTA CIMAHI,17
2023-06-01,KABUPATEN CIREBON,33167
2023-06-01,KABUPATEN MAJALENGKA,39435
2023-06-01,KABUPATEN BANDUNG BARAT,19078
2023-06-01,KABUPATEN TASIKMALAYA,41073
2023-06-01,KOTA DEPOK,0
2023-06-01,KABUPATEN CIAMIS,17542
2023-06-01,KABUPATEN GARUT,73090
2023-06-01,KABUPATEN SUMEDANG,32549
2023-06-01,KABUPATEN BOGOR,24007
2023-06-01,KABUPATEN CIANJUR,70604
2023-06-01,KOTA BEKASI,2
2023-06-01,KOTA TASIKMALAYA,4093
2023-06-01,KABUPATEN SUKABUMI,70219
2023-06-01,KABUPATEN BEKASI,74163
2023-07-01,KOTA BOGOR,23
2023-07-01,KABUPATEN CIANJUR,54293
2023-07-01,KABUPATEN BANDUNG,14977
2023-07-01,KABUPATEN PANGANDARAN,10767
2023-07-01,KABUPATEN KARAWANG,120115
2023-07-01,KABUPATEN BEKASI,56122
2023-07-01,KABUPATEN BANDUNG BARAT,18349
2023-07-01,KOTA BANJAR,4146
2023-07-01,KABUPATEN CIAMIS,31007
2023-07-01,KABUPATEN BOGOR,24997
2023-07-01,KABUPATEN SUKABUMI,33625
2023-07-01,KABUPATEN INDRAMAYU,111184
2023-07-01,KOTA DEPOK,0
2023-07-01,KOTA BEKASI,127
2023-07-01,KOTA SUKABUMI,2203
2023-07-01,KABUPATEN GARUT,45147
2023-07-01,KOTA CIREBON,99
2023-07-01,KOTA TASIKMALAYA,2665
2023-07-01,KABUPATEN TASIKMALAYA,23651
2023-07-01,KABUPATEN KUNINGAN,45141
2023-07-01,KABUPATEN CIREBON,51208
2023-07-01,KABUPATEN MAJALENGKA,131804
2023-07-01,KOTA BANDUNG,53
2023-07-01,KOTA CIMAHI,102
2023-07-01,KABUPATEN PURWAKARTA,19395
2023-07-01,KABUPATEN SUBANG,50338
2023-07-01,KABUPATEN SUMEDANG,41892
2023-08-01,KABUPATEN BOGOR,25135
2023-08-01,KOTA DEPOK,0
2023-08-01,KOTA CIMAHI,34
2023-08-01,KOTA SUKABUMI,1247
2023-08-01,KABUPATEN CIANJUR,47450
2023-08-01,KOTA BEKASI,301
2023-08-01,KOTA CIREBON,240
2023-08-01,KABUPATEN SUKABUMI,25396
2023-08-01,KOTA BANDUNG,117
2023-08-01,KOTA BOGOR,0
2023-08-01,KOTA TASIKMALAYA,1249
2023-08-01,KABUPATEN PANGANDARAN,37905
2023-08-01,KOTA BANJAR,5835
2023-08-01,KABUPATEN BANDUNG BARAT,11912
2023-08-01,KABUPATEN CIREBON,41785
2023-08-01,KABUPATEN PURWAKARTA,36018
2023-08-01,KABUPATEN SUBANG,75864
2023-08-01,KABUPATEN MAJALENGKA,50544
2023-08-01,KABUPATEN BANDUNG,19174
2023-08-01,KABUPATEN KARAWANG,65597
2023-08-01,KABUPATEN INDRAMAYU,56083
2023-08-01,KABUPATEN GARUT,21451
2023-08-01,KABUPATEN BEKASI,16518
2023-08-01,KABUPATEN TASIKMALAYA,34682
2023-08-01,KABUPATEN KUNINGAN,18789
2023-08-01,KABUPATEN CIAMIS,35047
2023-08-01,KABUPATEN SUMEDANG,18248
2023-09-01,KABUPATEN SUMEDANG,15241
2023-09-01,KABUPATEN SUKABUMI,17073
2023-09-01,KOTA DEPOK,14
2023-09-01,KABUPATEN SUBANG,85686
2023-09-01,KABUPATEN TASIKMALAYA,32707
2023-09-01,KABUPATEN BOGOR,35718
2023-09-01,KOTA SUKABUMI,1192
2023-09-01,KABUPATEN PURWAKARTA,8902
2023-09-01,KABUPATEN INDRAMAYU,169149
2023-09-01,KABUPATEN MAJALENGKA,15826
2023-09-01,KABUPATEN CIANJUR,39003
2023-09-01,KABUPATEN PANGANDARAN,13559
2023-09-01,KABUPATEN BANDUNG,37060
2023-09-01,KOTA CIREBON,29
2023-09-01,KABUPATEN BANDUNG BARAT,7968
2023-09-01,KABUPATEN CIAMIS,32974
2023-09-01,KOTA CIMAHI,32
2023-09-01,KOTA TASIKMALAYA,3021
2023-09-01,KOTA BEKASI,161
2023-09-01,KABUPATEN GARUT,28112
2023-09-01,KABUPATEN BEKASI,30863
2023-09-01,KOTA BANJAR,1391
2023-09-01,KABUPATEN KARAWANG,86642
2023-09-01,KOTA BOGOR,21
2023-09-01,KOTA BANDUNG,886
2023-09-01,KABUPATEN CIREBON,34161
2023-09-01,KABUPATEN KUNINGAN,16841
2023-10-01,KABUPATEN INDRAMAYU,216914
2023-10-01,KABUPATEN KUNINGAN,7366
2023-10-01,KOTA TASIKMALAYA,3168
2023-10-01,KOTA BEKASI,0
2023-10-01,KABUPATEN SUBANG,201616
2023-10-01,KOTA CIREBON,0
2023-10-01,KABUPATEN SUMEDANG,15872
2023-10-01,KABUPATEN BOGOR,23763
2023-10-01,KOTA BANDUNG,1000
2023-10-01,KABUPATEN CIANJUR,28365
2023-10-01,KABUPATEN BANDUNG BARAT,6254
2023-10-01,KOTA BANJAR,3545
2023-10-01,KABUPATEN PANGANDARAN,1248
2023-10-01,KOTA CIMAHI,0
2023-10-01,KABUPATEN BEKASI,25562
2023-10-01,KABUPATEN CIAMIS,22410
2023-10-01,KABUPATEN KARAWANG,49373
2023-10-01,KOTA BOGOR,0
2023-10-01,KABUPATEN CIREBON,64062
2023-10-01,KABUPATEN GARUT,22171
2023-10-01,KABUPATEN BANDUNG,38210
2023-10-01,KABUPATEN PURWAKARTA,4900
2023-10-01,KOTA SUKABUMI,1074
2023-10-01,KABUPATEN SUKABUMI,14997
2023-10-01,KOTA DEPOK,0
2023-10-01,KABUPATEN TASIKMALAYA,31424
2023-10-01,KABUPATEN MAJALENGKA,9596
2023-11-01,KABUPATEN MAJALENGKA,17769
2023-11-01,KABUPATEN KUNINGAN,9816
2023-11-01,KABUPATEN BOGOR,6027
2023-11-01,KOTA DEPOK,0
2023-11-01,KOTA CIMAHI,16
2023-11-01,KABUPATEN CIREBON,36132
2023-11-01,KABUPATEN GARUT,30843
2023-11-01,KOTA TASIKMALAYA,3229
2023-11-01,KABUPATEN SUMEDANG,19494
2023-11-01,KABUPATEN CIANJUR,32605
2023-11-01,KABUPATEN PANGANDARAN,0
2023-11-01,KABUPATEN BEKASI,49921
2023-11-01,KABUPATEN KARAWANG,66035
2023-11-01,KOTA BOGOR,21
2023-11-01,KABUPATEN CIAMIS,7765
2023-11-01,KABUPATEN PURWAKARTA,4107
2023-11-01,KOTA BEKASI,0
2023-11-01,KOTA BANJAR,239
2023-11-01,KOTA SUKABUMI,1045
2023-11-01,KABUPATEN SUKABUMI,7783
2023-11-01,KABUPATEN BANDUNG,23969
2023-11-01,KABUPATEN SUBANG,85614
2023-11-01,KOTA BANDUNG,695
2023-11-01,KABUPATEN INDRAMAYU,79498
2023-11-01,KOTA CIREBON,0
2023-11-01,KABUPATEN BANDUNG BARAT,5879
2023-11-01,KABUPATEN TASIKMALAYA,23785
2023-12-01,KABUPATEN CIAMIS,5932
2023-12-01,KABUPATEN KUNINGAN,7657
2023-12-01,KOTA TASIKMALAYA,1509
2023-12-01,KABUPATEN BANDUNG BARAT,972
2023-12-01,KOTA CIREBON,0
2023-12-01,KABUPATEN CIREBON,4953
2023-12-01,KABUPATEN TASIKMALAYA,13988
2023-12-01,KABUPATEN CIANJUR,17516
2023-12-01,KABUPATEN BEKASI,40127
2023-12-01,KABUPATEN PANGANDARAN,0
2023-12-01,KABUPATEN KARAWANG,169568
2023-12-01,KOTA BOGOR,7
2023-12-01,KABUPATEN PURWAKARTA,2618
2023-12-01,KOTA SUKABUMI,1694
2023-12-01,KABUPATEN SUKABUMI,7181
2023-12-01,KABUPATEN BANDUNG,10360
2023-12-01,KABUPATEN SUBANG,21620
2023-12-01,KOTA BANDUNG,383
2023-12-01,KABUPATEN INDRAMAYU,1802
2023-12-01,KABUPATEN SUMEDANG,10327
2023-12-01,KOTA BEKASI,0
2023-12-01,KABUPATEN BOGOR,6620
2023-12-01,KABUPATEN GARUT,21807
2023-12-01,KABUPATEN MAJALENGKA,11849
2023-12-01,KOTA DEPOK,0
2023-12-01,KOTA CIMAHI,64
2023-12-01,KOTA BANJAR,0
